Workbook

Sheet Plantilla
A1: UNIVERSIDAD DE SAN CARLOS DE GUATEMALA
A2: FACULTAD DE INGENIERÍA
A3: ESCUELA DE CIENCIAS Y SISTEMAS
A4: Introducción a la Programación y Computación 1, Sección B
A5: Ing. William Estuardo Escobar Argueta
A6: Aux. Fernando José Vicente Velásquez
A8: Hoja de Calificación – Proyecto 2: Parque Residencial: Sistema de Gestión de Parqueo
A10: Fecha de calificación:
A11: Nombre del estudiante: | C11: =VLOOKUP(C12, Consolidado!$B$3:$C$26, 2, 0) -> MARTA GABRIELA GÓMEZ DIMAYUGA
A12: Carné: | C12: 201503481
A14: Descripción de Ponderación | B14: Valor | C14: Observación | D14: Punteo
A15: 1. HABILIDADES – CÓMO SE PROGRAMA | B15: =B16+B21+B25 -> 15 | D15: =IF(N(D16)+N(D21)+N(D25)=0,"",N(D16)+N(D21)+N(D25))
A16: 1.1 Documentación | B16: =SUM(B17:B20) -> 6 | D16: =IF(SUM(D17:D20)=0,"",SUM(D17:D20))
A17: Manual técnico: arquitectura, diagrama de clases, estructuras, hilos y formato de archivos | B17: 2
A18: Manual de usuario con capturas reales de cada panel (residentes, vehículos, visitantes, simulación, eventos) | B18: 1.5
A19: Informe de desarrollo: plan por etapas, avance, problemas encontrados y soluciones | B19: 1.5
A20: Informe realizado con herramienta https://aicodedetector.org/ | B20: 1
A21: 1.2 Repositorio GitHub | B21: =SUM(B22:B24) -> 4 | D21: =IF(SUM(D22:D24)=0,"",SUM(D22:D24))
A22: Formato de nombre correcto y auxiliar agregado como colaborador | B22: 1
A23: Commits incrementales y semánticos (feat:, fix:, docs:), no concentrados al final | B23: 2
A24: Proyecto compilable desde el repo, .jar ejecutable y archivos .txt de ejemplo incluidos | B24: 1
A25: 1.3 Buenas prácticas de código e interfaz | B25: =SUM(B26:B28) -> 5 | D25: =IF(SUM(D26:D28)=0,"",SUM(D26:D28))
A26: Organización en paquetes (estructuras, modelo, hilos, persistencia, vista) con POO y sin sobreingeniería | B26: 2
A27: Nombres de variables/métodos claros y comentarios útiles | B27: 1
A28: Swing codificado manualmente y actualización de la UI desde hilos con SwingUtilities.invokeLater | B28: 2
A29: 2. CONOCIMIENTO – QUÉ SE PROGRAMA | B29: =B30+B34+B37+B42+B45+B48+B53+B56+B59 -> 35 | D29: =IF(N(D30)+N(D34)+N(D37)+N(D42)+N(D45)+N(D48)+N(D53)+N(D56)+N(D59)=0,"",N(D30)+N(D34)+N(D37)+N(D42)+N(D45)+N(D48)+N(D53)+N(D56)+N(D59))
A30: 2.1 Lista doblemente enlazada – Residentes | B30: =SUM(B31:B33) -> 5 | D30: =IF(SUM(D31:D33)=0,"",SUM(D31:D33))
A31: Nodo propio con anterior/siguiente; insertar y buscar residentes (ID, nombre, casa, socio) | B31: 2
A32: Eliminar y actualizar residentes manteniendo correctamente las referencias | B32: 2
A33: Recorrido de la lista en ambos sentidos y visualización de los residentes | B33: 1
A34: 2.2 Lista simplemente enlazada – Vehículos | B34: =SUM(B35:B36) -> 3 | D34: =IF(SUM(D35:D36)=0,"",SUM(D35:D36))
A35: Lista propia por residente: insertar, eliminar y recorrer vehículos (placa, marca, modelo, color, tipo, estado) | B35: 2
A36: Validación de 0 a 3 vehículos: impide registrar un cuarto vehículo | B36: 1
A37: 2.3 Lista doble de listas simples – Parqueo | B37: =SUM(B38:B41) -> 7 | D37: =IF(SUM(D38:D41)=0,"",SUM(D38:D41))
A38: 150 nodos que representan espacios físicos (ID, estado, vehículo estacionado, tipo socio/general) | B38: 2
A39: Enlaces arriba/abajo y enlace simple que reflejan la distribución A–C (25) y E–I (15) | B39: 2
A40: Recorrido para buscar espacio libre por tipo, asignación y liberación correcta del espacio | B40: 2
A41: Validación del área de socios: ningún vehículo no autorizado ocupa A–C (reglas documentadas) | B41: 1
A42: 2.4 Colas FIFO – Entrada y salida | B42: =SUM(B43:B44) -> 3 | D42: =IF(SUM(D43:D44)=0,"",SUM(D43:D44))
A43: Cola de entrada manual (FIFO) consumida por las 3 garitas de entrada | B43: 1.5
A44: Cola de salida implementada manualmente consumida por las 2 garitas | B44: 1.5
A45: 2.5 Pila LIFO – Historial de eventos | B45: =SUM(B46:B47) -> 2 | D45: =IF(SUM(D46:D47)=0,"",SUM(D46:D47))
A46: Pila implementada manualmente que registra ingreso, salida, asignación, rechazo, visitante y liberación | B46: 1
A47: Consulta de los últimos eventos respetando el orden LIFO | B47: 1
A48: 2.6 Hilos y sincronización | B48: =SUM(B49:B52) -> 6 | D48: =IF(SUM(D49:D52)=0,"",SUM(D49:D52))
A49: 3 garitas de entrada y 2 de salida como hilos concurrentes con función real (Thread/Runnable) | B49: 2
A50: Uso de synchronized para proteger colas y la lista de listas del parqueo | B50: 1.5
A51: wait() en ciclo while con cola vacía y notify()/notifyAll() al llegar vehículos | B51: 1.5
A52: Sin condiciones de carrera: no se asigna el mismo espacio a dos vehículos ni se pierden vehículos | B52: 1
A53: 2.7 Gestión de residentes, socios y visitantes | B53: =SUM(B54:B55) -> 2 | D53: =IF(SUM(D54:D55)=0,"",SUM(D54:D55))
A54: Registrar, modificar, eliminar y buscar residentes; asociar y mostrar sus vehículos | B54: 1
A55: Visitantes como información temporal: ingresan, reciben espacio y salen sin guardarse como residentes | B55: 1
A56: 2.8 Persistencia en archivos de texto | B56: =SUM(B57:B58) -> 2 | D56: =IF(SUM(D57:D58)=0,"",SUM(D57:D58))
A57: Guarda residentes y vehículos al cerrar en archivos .txt con el formato definido | B57: 1
A58: Reconstruye las listas enlazadas al iniciar y no persiste visitantes | B58: 1
A59: 2.9 Interfaz gráfica y simulación | B59: =SUM(B60:B63) -> 5 | D59: =IF(SUM(D60:D63)=0,"",SUM(D60:D63))
A60: Panel de parqueo: 150 espacios, diferencia libres/ocupados e identifica el vehículo | B60: 2
A61: Paneles de residentes y vehículos funcionales | B61: 1
A62: Paneles de entrada y salida: colas, garitas y vehículo atendido actualizándose en tiempo real | B62: 1
A63: Panel de eventos y flujo completo (llegada → cola → garita → espacio → salida → pila) sin errores | B63: 1
A64: 3. VERIFICACIÓN DE AUTORÍA / DEFENSA | B64: =B65+B71 -> 50 | D64: =IF(N(D65)+N(D71)=0,"",N(D65)+N(D71))
A65: 3.1 Preguntas sobre el código | B65: =SUM(B66:B70) -> 20 | D65: =IF(SUM(D66:D70)=0,"",SUM(D66:D70))
A66: Pregunta 1 (listas doble/simple): explica la lógica y localiza la implementación en el código | B66: 4
A67: Pregunta 2 (lista de listas del parqueo): explica la lógica y localiza la implementación en el código | B67: 4
A68: Pregunta 3 (colas y pila): explica la lógica y localiza la implementación en el código | B68: 4
A69: Pregunta 4 (hilos y sincronización): explica la lógica y localiza la implementación en el código | B69: 4
A70: Pregunta 5 (libre: persistencia, interfaz o reglas): explica la lógica y localiza la implementación | B70: 4
A71: 3.2 Modificación de código durante la evaluación | B71: =SUM(B72:B74) -> 30 | D71: =IF(SUM(D72:D74)=0,"",SUM(D72:D74))
A72: Ubica en el código la lógica que debe modificar | B72: 8
A73: Implementa la modificación solicitada | B73: 14
A74: Compila el proyecto y demuestra el cambio funcionando | B74: 8
A75: TOTAL OBTENIDO (antes de penalizaciones) | B75: =B15+B29+B64 -> 100 | D75: =IF(N(D15)+N(D29)+N(D64)=0,"",N(D15)+N(D29)+N(D64))
A77: REQUISITOS PARA OPTAR A LA CALIFICACIÓN (informativo)
A78: Requisito | B78: Cumple | C78: Observación
A79: Estructuras propias: listas, colas y pila manuales (sin colecciones de java.util)
A80: Tecnologías: Java 17+ y Swing manual; sin JavaFX, bases de datos ni frameworks
A81: Ejecución: el proyecto compila y el archivo .jar funciona correctamente a partir de los entregables
A82: Repositorio: GitHub con historial de commits incrementales, auxiliar como colaborador y entregado en fecha
A83: Documentación: Manual técnico, Manual de usuario e Informe de desarrollo
A84: Originalidad: el código es de autoría propia (copias totales o parciales = 0 pts)
A85: Autoría: el estudiante se presenta a la evaluación, explica y modifica su código
A87: ASPECTOS REQUERIDOS – PENALIZACIONES SOBRE EL TOTAL OBTENIDO
A88: Descripción | B88: Penalización | C88: ¿Aplica? | D88: Descuento
A89: Falta de documentación adecuada (README, manuales, diagrama de clases o informe) | B89: -0.3 | D89: =IF(C89="Sí",$D$75*B89,"")
A90: Mal uso de estructura de código, comentarios o indentación (dificulta entender el código) | B90: -0.2 | D90: =IF(C90="Sí",$D$75*B90,"")
A91: El estudiante realizó commits fuera de la fecha de entrega | B91: -1 | D91: =IF(C91="Sí",$D$75*B91,"")
A92: El estudiante no realizó 2 commits semanales | B92: -0.2 | D92: =IF(C92="Sí",$D$75*B92,"")
A93: La aplicación no está desarrollada en Java | B93: -1 | D93: =IF(C93="Sí",$D$75*B93,"")
A94: Uso de JavaFX, bases de datos, frameworks o librerías externas no permitidas | B94: -0.75 | D94: =IF(C94="Sí",$D$75*B94,"")
A95: Uso de ArrayList, LinkedList, Stack, Queue, Deque u otra colección de java.util | B95: -1 | D95: =IF(C95="Sí",$D$75*B95,"")
A96: La interfaz no está hecha en Swing o se realizó con diseñador drag and drop | B96: -0.5 | D96: =IF(C96="Sí",$D$75*B96,"")
A97: La aplicación no tiene interfaz gráfica (es de consola) | B97: -1 | D97: =IF(C97="Sí",$D$75*B97,"")
A98: Los hilos no son concurrentes o se crean solo para cumplir el requisito (sin función real) | B98: -0.25 | D98: =IF(C98="Sí",$D$75*B98,"")
A99: Toda la solución está desarrollada dentro del método main | B99: -1 | D99: =IF(C99="Sí",$D$75*B99,"")
A100: No se agregó al auxiliar como colaborador del repositorio | B100: -1 | D100: =IF(C100="Sí",$D$75*B100,"")
... A106: 1 solo commit con todo el proyecto | B106: -1 | D106: =IF(C106="Sí",$D$75*B106,"")
A107: TOTAL DE PENALIZACIONES | D107: =IF(SUM(D89:D106)=0,"",SUM(D89:D106))
A109: NOTA FINAL (sobre 100 pts) | D109: =IF(MAX(0,ROUND(N($D$75)+N($D$107),2))=0,"",MAX(0,ROUND(N($D$75)+N($D$107),2)))
A111: Observaciones generales:
A116: _________________________ | C116: _________________________
...

Sheet 202201204
A1: UNIVERSIDAD DE SAN CARLOS DE GUATEMALA
A2: FACULTAD DE INGENIERÍA
A3: ESCUELA DE CIENCIAS Y SISTEMAS
A4: Introducción a la Programación y Computación 1, Sección B
A5: Ing. William Estuardo Escobar Argueta
A6: Aux. Fernando José Vicente Velásquez
A8: Hoja de Calificación – Proyecto 2: Parque Residencial: Sistema de Gestión de Parqueo
A10: Fecha de calificación:
A11: Nombre del estudiante: | C11: =VLOOKUP(C12, Consolidado!$B$3:$C$26, 2, 0) -> MARTA GABRIELA GÓMEZ DIMAYUGA
A12: Carné: | C12: 201503481
A14: Descripción de Ponderación | B14: Valor | C14: Observación | D14: Punteo
A15: 1. HABILIDADES – CÓMO SE PROGRAMA | B15: =B16+B21+B25 -> 15 | D15: =IF(N(D16)+N(D21)+N(D25)=0,"",N(D16)+N(D21)+N(D25))
A16: 1.1 Documentación | B16: =SUM(B17:B20) -> 6 | D16: =IF(SUM(D17:D20)=0,"",SUM(D17:D20))
A17: Manual técnico: arquitectura, diagrama de clases, estructuras, hilos y formato de archivos | B17: 2
A18: Manual de usuario con capturas reales de cada panel (residentes, vehículos, visitantes, simulación, eventos) | B18: 1.5
A19: Informe de desarrollo: plan por etapas, avance, problemas encontrados y soluciones | B19: 1.5
A20: Informe realizado con herramienta https://aicodedetector.org/ | B20: 1
A21: 1.2 Repositorio GitHub | B21: =SUM(B22:B24) -> 4 | D21: =IF(SUM(D22:D24)=0,"",SUM(D22:D24))
A22: Formato de nombre correcto y auxiliar agregado como colaborador | B22: 1
A23: Commits incrementales y semánticos (feat:, fix:, docs:), no concentrados al final | B23: 2
A24: Proyecto compilable desde el repo, .jar ejecutable y archivos .txt de ejemplo incluidos | B24: 1
A25: 1.3 Buenas prácticas de código e interfaz | B25: =SUM(B26:B28) -> 5 | D25: =IF(SUM(D26:D28)=0,"",SUM(D26:D28))
A26: Organización en paquetes (estructuras, modelo, hilos, persistencia, vista) con POO y sin sobreingeniería | B26: 2
A27: Nombres de variables/métodos claros y comentarios útiles | B27: 1
A28: Swing codificado manualmente y actualización de la UI desde hilos con SwingUtilities.invokeLater | B28: 2
A29: 2. CONOCIMIENTO – QUÉ SE PROGRAMA | B29: =B30+B34+B37+B42+B45+B48+B53+B56+B59 -> 35 | D29: =IF(N(D30)+N(D34)+N(D37)+N(D42)+N(D45)+N(D48)+N(D53)+N(D56)+N(D59)=0,"",N(D30)+N(D34)+N(D37)+N(D42)+N(D45)+N(D48)+N(D53)+N(D56)+N(D59))
A30: 2.1 Lista doblemente enlazada – Residentes | B30: =SUM(B31:B33) -> 5 | D30: =IF(SUM(D31:D33)=0,"",SUM(D31:D33))
A31: Nodo propio con anterior/siguiente; insertar y buscar residentes (ID, nombre, casa, socio) | B31: 2
A32: Eliminar y actualizar residentes manteniendo correctamente las referencias | B32: 2
A33: Recorrido de la lista en ambos sentidos y visualización de los residentes | B33: 1
A34: 2.2 Lista simplemente enlazada – Vehículos | B34: =SUM(B35:B36) -> 3 | D34: =IF(SUM(D35:D36)=0,"",SUM(D35:D36))
A35: Lista propia por residente: insertar, eliminar y recorrer vehículos (placa, marca, modelo, color, tipo, estado) | B35: 2
A36: Validación de 0 a 3 vehículos: impide registrar un cuarto vehículo | B36: 1
A37: 2.3 Lista doble de listas simples – Parqueo | B37: =SUM(B38:B41) -> 7 | D37: =IF(SUM(D38:D41)=0,"",SUM(D38:D41))
A38: 150 nodos que representan espacios físicos (ID, estado, vehículo estacionado, tipo socio/general) | B38: 2
A39: Enlaces arriba/abajo y enlace simple que reflejan la distribución A–C (25) y E–I (15) | B39: 2
A40: Recorrido para buscar espacio libre por tipo, asignación y liberación correcta del espacio | B40: 2
A41: Validación del área de socios: ningún vehículo no autorizado ocupa A–C (reglas documentadas) | B41: 1
A42: 2.4 Colas FIFO – Entrada y salida | B42: =SUM(B43:B44) -> 3 | D42: =IF(SUM(D43:D44)=0,"",SUM(D43:D44))
A43: Cola de entrada manual (FIFO) consumida por las 3 garitas de entrada | B43: 1.5
A44: Cola de salida implementada manualmente consumida por las 2 garitas | B44: 1.5
A45: 2.5 Pila LIFO – Historial de eventos | B45: =SUM(B46:B47) -> 2 | D45: =IF(SUM(D46:D47)=0,"",SUM(D46:D47))
A46: Pila implementada manualmente que registra ingreso, salida, asignación, rechazo, visitante y liberación | B46: 1
A47: Consulta de los últimos eventos respetando el orden LIFO | B47: 1
A48: 2.6 Hilos y sincronización | B48: =SUM(B49:B52) -> 6 | D48: =IF(SUM(D49:D52)=0,"",SUM(D49:D52))
A49: 3 garitas de entrada y 2 de salida como hilos concurrentes con función real (Thread/Runnable) | B49: 2
A50: Uso de synchronized para proteger colas y la lista de listas del parqueo | B50: 1.5
A51: wait() en ciclo while con cola vacía y notify()/notifyAll() al llegar vehículos | B51: 1.5
A52: Sin condiciones de carrera: no se asigna el mismo espacio a dos vehículos ni se pierden vehículos | B52: 1
A53: 2.7 Gestión de residentes, socios y visitantes | B53: =SUM(B54:B55) -> 2 | D53: =IF(SUM(D54:D55)=0,"",SUM(D54:D55))
A54: Registrar, modificar, eliminar y buscar residentes; asociar y mostrar sus vehículos | B54: 1
A55: Visitantes como información temporal: ingresan, reciben espacio y salen sin guardarse como residentes | B55: 1
A56: 2.8 Persistencia en archivos de texto | B56: =SUM(B57:B58) -> 2 | D56: =IF(SUM(D57:D58)=0,"",SUM(D57:D58))
A57: Guarda residentes y vehículos al cerrar en archivos .txt con el formato definido | B57: 1
A58: Reconstruye las listas enlazadas al iniciar y no persiste visitantes | B58: 1
A59: 2.9 Interfaz gráfica y simulación | B59: =SUM(B60:B63) -> 5 | D59: =IF(SUM(D60:D63)=0,"",SUM(D60:D63))
A60: Panel de parqueo: 150 espacios, diferencia libres/ocupados e identifica el vehículo | B60: 2
A61: Paneles de residentes y vehículos funcionales | B61: 1
A62: Paneles de entrada y salida: colas, garitas y vehículo atendido actualizándose en tiempo real | B62: 1
A63: Panel de eventos y flujo completo (llegada → cola → garita → espacio → salida → pila) sin errores | B63: 1
A64: 3. VERIFICACIÓN DE AUTORÍA / DEFENSA | B64: =B65+B71 -> 50 | D64: =IF(N(D65)+N(D71)=0,"",N(D65)+N(D71))
A65: 3.1 Preguntas sobre el código | B65: =SUM(B66:B70) -> 20 | D65: =IF(SUM(D66:D70)=0,"",SUM(D66:D70))
A66: Pregunta 1 (listas doble/simple): explica la lógica y localiza la implementación en el código | B66: 4
A67: Pregunta 2 (lista de listas del parqueo): explica la lógica y localiza la implementación en el código | B67: 4
A68: Pregunta 3 (colas y pila): explica la lógica y localiza la implementación en el código | B68: 4
A69: Pregunta 4 (hilos y sincronización): explica la lógica y localiza la implementación en el código | B69: 4
A70: Pregunta 5 (libre: persistencia, interfaz o reglas): explica la lógica y localiza la implementación | B70: 4
A71: 3.2 Modificación de código durante la evaluación | B71: =SUM(B72:B74) -> 30 | D71: =IF(SUM(D72:D74)=0,"",SUM(D72:D74))
A72: Ubica en el código la lógica que debe modificar | B72: 8
A73: Implementa la modificación solicitada | B73: 14
A74: Compila el proyecto y demuestra el cambio funcionando | B74: 8
A75: TOTAL OBTENIDO (antes de penalizaciones) | B75: =B15+B29+B64 -> 100 | D75: =IF(N(D15)+N(D29)+N(D64)=0,"",N(D15)+N(D29)+N(D64))
A77: REQUISITOS PARA OPTAR A LA CALIFICACIÓN (informativo)
A78: Requisito | B78: Cumple | C78: Observación
A79: Estructuras propias: listas, colas y pila manuales (sin colecciones de java.util)
A80: Tecnologías: Java 17+ y Swing manual; sin JavaFX, bases de datos ni frameworks
A81: Ejecución: el proyecto compila y el archivo .jar funciona correctamente a partir de los entregables
A82: Repositorio: GitHub con historial de commits incrementales, auxiliar como colaborador y entregado en fecha
A83: Documentación: Manual técnico, Manual de usuario e Informe de desarrollo
A84: Originalidad: el código es de autoría propia (copias totales o parciales = 0 pts)
A85: Autoría: el estudiante se presenta a la evaluación, explica y modifica su código
A87: ASPECTOS REQUERIDOS – PENALIZACIONES SOBRE EL TOTAL OBTENIDO
A88: Descripción | B88: Penalización | C88: ¿Aplica? | D88: Descuento
A89: Falta de documentación adecuada (README, manuales, diagrama de clases o informe) | B89: -0.3 | D89: =IF(C89="Sí",$D$75*B89,"")
A90: Mal uso de estructura de código, comentarios o indentación (dificulta entender el código) | B90: -0.2 | D90: =IF(C90="Sí",$D$75*B90,"")
A91: El estudiante realizó commits fuera de la fecha de entrega | B91: -1 | D91: =IF(C91="Sí",$D$75*B91,"")
A92: El estudiante no realizó 2 commits semanales | B92: -0.2 | D92: =IF(C92="Sí",$D$75*B92,"")
A93: La aplicación no está desarrollada en Java | B93: -1 | D93: =IF(C93="Sí",$D$75*B93,"")
A94: Uso de JavaFX, bases de datos, frameworks o librerías externas no permitidas | B94: -0.75 | D94: =IF(C94="Sí",$D$75*B94,"")
A95: Uso de ArrayList, LinkedList, Stack, Queue, Deque u otra colección de java.util | B95: -1 | D95: =IF(C95="Sí",$D$75*B95,"")
A96: La interfaz no está hecha en Swing o se realizó con diseñador drag and drop | B96: -0.5 | D96: =IF(C96="Sí",$D$75*B96,"")
A97: La aplicación no tiene interfaz gráfica (es de consola) | B97: -1 | D97: =IF(C97="Sí",$D$75*B97,"")
A98: Los hilos no son concurrentes o se crean solo para cumplir el requisito (sin función real) | B98: -0.25 | D98: =IF(C98="Sí",$D$75*B98,"")
A99: Toda la solución está desarrollada dentro del método main | B99: -1 | D99: =IF(C99="Sí",$D$75*B99,"")
A100: No se agregó al auxiliar como colaborador del repositorio | B100: -1 | D100: =IF(C100="Sí",$D$75*B100,"")
... A106: 1 solo commit con todo el proyecto | B106: -1 | D106: =IF(C106="Sí",$D$75*B106,"")
A107: TOTAL DE PENALIZACIONES | D107: =IF(SUM(D89:D106)=0,"",SUM(D89:D106))
A109: NOTA FINAL (sobre 100 pts) | D109: =IF(MAX(0,ROUND(N($D$75)+N($D$107),2))=0,"",MAX(0,ROUND(N($D$75)+N($D$107),2)))
A111: Observaciones generales:
A116: _________________________ | C116: _________________________
...

Sheet 202407699
A1: UNIVERSIDAD DE SAN CARLOS DE GUATEMALA
A2: FACULTAD DE INGENIERÍA
A3: ESCUELA DE CIENCIAS Y SISTEMAS
A4: Introducción a la Programación y Computación 1, Sección E
A5: Ing. William Estuardo Escobar Argueta
A6: Aux. Fernando José Vicente Velásquez
A8: Hoja de Calificación – Proyecto 2: Parque Residencial: Sistema de Gestión de Parqueo
A10: Fecha de calificación:
A11: Nombre del estudiante: | C11: =VLOOKUP(C12, Consolidado!$B$3:$C$26, 2, 0) -> #N/A
A12: Carné: | C12: 202407699
A14: Descripción de Ponderación | B14: Valor | C14: Observación | D14: Punteo
A15: 1. HABILIDADES – CÓMO SE PROGRAMA | B15: =B16+B21+B25 -> 15 | D15: =IF(N(D16)+N(D21)+N(D25)=0,"",N(D16)+N(D21)+N(D25)) -> 12.5
A16: 1.1 Documentación | B16: =SUM(B17:B20) -> 6 | D16: =IF(SUM(D17:D20)=0,"",SUM(D17:D20)) -> 4.5
A17: Manual técnico: arquitectura, diagrama de clases, estructuras, hilos y formato de archivos | B17: 2 | D17: 2
A18: Manual de usuario con capturas reales de cada panel (residentes, vehículos, visitantes, simulación, eventos) | B18: 1.5 | D18: 0.5
A19: Informe de desarrollo: plan por etapas, avance, problemas encontrados y soluciones | B19: 1.5 | D19: 1
A20: Informe realizado con herramienta https://aicodedetector.org/ | B20: 1 | D20: 1
A21: 1.2 Repositorio GitHub | B21: =SUM(B22:B24) -> 4 | D21: =IF(SUM(D22:D24)=0,"",SUM(D22:D24)) -> 3
A22: Formato de nombre correcto y auxiliar agregado como colaborador | B22: 1 | D22: 0
A23: Commits incrementales y semánticos (feat:, fix:, docs:), no concentrados al final | B23: 2 | D23: 2
A24: Proyecto compilable desde el repo, .jar ejecutable y archivos .txt de ejemplo incluidos | B24: 1 | D24: 1
A25: 1.3 Buenas prácticas de código e interfaz | B25: =SUM(B26:B28) -> 5 | D25: =IF(SUM(D26:D28)=0,"",SUM(D26:D28)) -> 5
A26: Organización en paquetes (estructuras, modelo, hilos, persistencia, vista) con POO y sin sobreingeniería | B26: 2 | D26: 2
A27: Nombres de variables/métodos claros y comentarios útiles | B27: 1 | D27: 1
A28: Swing codificado manualmente y actualización de la UI desde hilos con SwingUtilities.invokeLater | B28: 2 | D28: 2
A29: 2. CONOCIMIENTO – QUÉ SE PROGRAMA | B29: =B30+B34+B37+B42+B45+B48+B53+B56+B59 -> 35 | D29: =IF(N(D30)+N(D34)+N(D37)+N(D42)+N(D45)+N(D48)+N(D53)+N(D56)+N(D59)=0,"",N(D30)+N(D34)+N(D37)+N(D42)+N(D45)+N(D48)+N(D53)+N(D56)+N(D59)) -> 35
A30: 2.1 Lista doblemente enlazada – Residentes | B30: =SUM(B31:B33) -> 5 | D30: =IF(SUM(D31:D33)=0,"",SUM(D31:D33)) -> 5
A31: Nodo propio con anterior/siguiente; insertar y buscar residentes (ID, nombre, casa, socio) | B31: 2 | D31: 2
A32: Eliminar y actualizar residentes manteniendo correctamente las referencias | B32: 2 | D32: 2
A33: Recorrido de la lista en ambos sentidos y visualización de los residentes | B33: 1 | D33: 1
A34: 2.2 Lista simplemente enlazada – Vehículos | B34: =SUM(B35:B36) -> 3 | D34: =IF(SUM(D35:D36)=0,"",SUM(D35:D36)) -> 3
A35: Lista propia por residente: insertar, eliminar y recorrer vehículos (placa, marca, modelo, color, tipo, estado) | B35: 2 | D35: 2
A36: Validación de 0 a 3 vehículos: impide registrar un cuarto vehículo | B36: 1 | D36: 1
A37: 2.3 Lista doble de listas simples – Parqueo | B37: =SUM(B38:B41) -> 7 | D37: =IF(SUM(D38:D41)=0,"",SUM(D38:D41)) -> 7
A38: 150 nodos que representan espacios físicos (ID, estado, vehículo estacionado, tipo socio/general) | B38: 2 | D38: 2
A39: Enlaces arriba/abajo y enlace simple que reflejan la distribución A–C (25) y E–I (15) | B39: 2 | D39: 2
A40: Recorrido para buscar espacio libre por tipo, asignación y liberación correcta del espacio | B40: 2 | D40: 2
A41: Validación del área de socios: ningún vehículo no autorizado ocupa A–C (reglas documentadas) | B41: 1 | D41: 1
A42: 2.4 Colas FIFO – Entrada y salida | B42: =SUM(B43:B44) -> 3 | D42: =IF(SUM(D43:D44)=0,"",SUM(D43:D44)) -> 3
A43: Cola de entrada manual (FIFO) consumida por las 3 garitas de entrada | B43: 1.5 | D43: 1.5
A44: Cola de salida implementada manualmente consumida por las 2 garitas | B44: 1.5 | D44: 1.5
A45: 2.5 Pila LIFO – Historial de eventos | B45: =SUM(B46:B47) -> 2 | D45: =IF(SUM(D46:D47)=0,"",SUM(D46:D47)) -> 2
A46: Pila implementada manualmente que registra ingreso, salida, asignación, rechazo, visitante y liberación | B46: 1 | D46: 1
A47: Consulta de los últimos eventos respetando el orden LIFO | B47: 1 | D47: 1
A48: 2.6 Hilos y sincronización | B48: =SUM(B49:B52) -> 6 | D48: =IF(SUM(D49:D52)=0,"",SUM(D49:D52)) -> 6
A49: 3 garitas de entrada y 2 de salida como hilos concurrentes con función real (Thread/Runnable) | B49: 2 | D49: 2
A50: Uso de synchronized para proteger colas y la lista de listas del parqueo | B50: 1.5 | D50: 1.5
A51: wait() en ciclo while con cola vacía y notify()/notifyAll() al llegar vehículos | B51: 1.5 | D51: 1.5
A52: Sin condiciones de carrera: no se asigna el mismo espacio a dos vehículos ni se pierden vehículos | B52: 1 | D52: 1
A53: 2.7 Gestión de residentes, socios y visitantes | B53: =SUM(B54:B55) -> 2 | D53: =IF(SUM(D54:D55)=0,"",SUM(D54:D55)) -> 2
A54: Registrar, modificar, eliminar y buscar residentes; asociar y mostrar sus vehículos | B54: 1 | D54: 1
A55: Visitantes como información temporal: ingresan, reciben espacio y salen sin guardarse como residentes | B55: 1 | D55: 1
A56: 2.8 Persistencia en archivos de texto | B56: =SUM(B57:B58) -> 2 | D56: =IF(SUM(D57:D58)=0,"",SUM(D57:D58)) -> 2
A57: Guarda residentes y vehículos al cerrar en archivos .txt con el formato definido | B57: 1 | D57: 1
A58: Reconstruye las listas enlazadas al iniciar y no persiste visitantes | B58: 1 | D58: 1
A59: 2.9 Interfaz gráfica y simulación | B59: =SUM(B60:B63) -> 5 | D59: =IF(SUM(D60:D63)=0,"",SUM(D60:D63)) -> 5
A60: Panel de parqueo: 150 espacios, diferencia libres/ocupados e identifica el vehículo | B60: 2 | D60: 2
A61: Paneles de residentes y vehículos funcionales | B61: 1 | D61: 1
A62: Paneles de entrada y salida: colas, garitas y vehículo atendido actualizándose en tiempo real | B62: 1 | D62: 1
A63: Panel de eventos y flujo completo (llegada → cola → garita → espacio → salida → pila) sin errores | B63: 1 | D63: 1
A64: 3. VERIFICACIÓN DE AUTORÍA / DEFENSA | B64: =B65+B71 -> 50 | D64: =IF(N(D65)+N(D71)=0,"",N(D65)+N(D71)) -> 19
A65: 3.1 Preguntas sobre el código | B65: =SUM(B66:B70) -> 20 | D65: =IF(SUM(D66:D70)=0,"",SUM(D66:D70)) -> 4
A66: Pregunta 1 (listas doble/simple): explica la lógica y localiza la implementación en el código | B66: 4 | D66: 0
A67: Pregunta 2 (lista de listas del parqueo): explica la lógica y localiza la implementación en el código | B67: 4 | D67: 0
A68: Pregunta 3 (colas y pila): explica la lógica y localiza la implementación en el código | B68: 4 | D68: 2
A69: Pregunta 4 (hilos y sincronización): explica la lógica y localiza la implementación en el código | B69: 4 | D69: 2
A70: Pregunta 5 (libre: persistencia, interfaz o reglas): explica la lógica y localiza la implementación | B70: 4 | D70: 0
A71: 3.2 Modificación de código durante la evaluación | B71: =SUM(B72:B74) -> 30 | D71: =IF(SUM(D72:D74)=0,"",SUM(D72:D74)) -> 15
A72: Ubica en el código la lógica que debe modificar | B72: 8 | D72: 4
A73: Implementa la modificación solicitada | B73: 14 | D73: 5
A74: Compila el proyecto y demuestra el cambio funcionando | B74: 8 | D74: 6
A75: TOTAL OBTENIDO (antes de penalizaciones) | B75: =B15+B29+B64 -> 100 | D75: =IF(N(D15)+N(D29)+N(D64)=0,"",N(D15)+N(D29)+N(D64)) -> 66.5
A77: REQUISITOS PARA OPTAR A LA CALIFICACIÓN (informativo)
A78: Requisito | B78: Cumple | C78: Observación
A79: Estructuras propias: listas, colas y pila manuales (sin colecciones de java.util)
A80: Tecnologías: Java 17+ y Swing manual; sin JavaFX, bases de datos ni frameworks
A81: Ejecución: el proyecto compila y el archivo .jar funciona correctamente a partir de los entregables
A82: Repositorio: GitHub con historial de commits incrementales, auxiliar como colaborador y entregado en fecha
A83: Documentación: Manual técnico, Manual de usuario e Informe de desarrollo
A84: Originalidad: el código es de autoría propia (copias totales o parciales = 0 pts)
A85: Autoría: el estudiante se presenta a la evaluación, explica y modifica su código
A87: ASPECTOS REQUERIDOS – PENALIZACIONES SOBRE EL TOTAL OBTENIDO
A88: Descripción | B88: Penalización | C88: ¿Aplica? | D88: Descuento
A89: Falta de documentación adecuada (README, manuales, diagrama de clases o informe) | B89: -0.3 | C89: No | D89: =IF(C89="Sí",$D$75*B89,"")
A90: Mal uso de estructura de código, comentarios o indentación (dificulta entender el código) | B90: -0.2 | D90: =IF(C90="Sí",$D$75*B90,"")
A91: El estudiante realizó commits fuera de la fecha de entrega | B91: -1 | D91: =IF(C91="Sí",$D$75*B91,"")
A92: El estudiante no realizó 2 commits semanales | B92: -0.2 | D92: =IF(C92="Sí",$D$75*B92,"")
A93: La aplicación no está desarrollada en Java | B93: -1 | D93: =IF(C93="Sí",$D$75*B93,"")
A94: Uso de JavaFX, bases de datos, frameworks o librerías externas no permitidas | B94: -0.75 | D94: =IF(C94="Sí",$D$75*B94,"")
A95: Uso de ArrayList, LinkedList, Stack, Queue, Deque u otra colección de java.util | B95: -1 | D95: =IF(C95="Sí",$D$75*B95,"")
A96: La interfaz no está hecha en Swing o se realizó con diseñador drag and drop | B96: -0.5 | D96: =IF(C96="Sí",$D$75*B96,"")
A97: La aplicación no tiene interfaz gráfica (es de consola) | B97: -1 | D97: =IF(C97="Sí",$D$75*B97,"")
A98: Los hilos no son concurrentes o se crean solo para cumplir el requisito (sin función real) | B98: -0.25 | D98: =IF(C98="Sí",$D$75*B98,"")
A99: Toda la solución está desarrollada dentro del método main | B99: -1 | D99: =IF(C99="Sí",$D$75*B99,"")
A100: No se agregó al auxiliar como colaborador del repositorio | B100: -1 | D100: =IF(C100="Sí",$D$75*B100,"")
A101: No se siguen instrucciones del repositorio (otro nombre, otro repositorio o falta de estructura de paquetes) | B101: -0.25 | D101: =IF(C101="Sí",$D$75*B101,"")
... A104: El estudiante no presenta el proyecto usando el .jar generado | B104: -1 | D104: =IF(C104="Sí",$D$75*B104,"")
A105: El estudiante no se presenta a la evaluación o no puede explicar ni modificar su código | B105: -1 | C105: No | D105: =IF(C105="Sí",$D$75*B105,"")
A106: 1 solo commit con todo el proyecto | B106: -1 | D106: =IF(C106="Sí",$D$75*B106,"")
A107: TOTAL DE PENALIZACIONES | D107: =IF(SUM(D89:D106)=0,"",SUM(D89:D106))
...

Sheet 202400066
A1: UNIVERSIDAD DE SAN CARLOS DE GUATEMALA
A2: FACULTAD DE INGENIERÍA
A3: ESCUELA DE CIENCIAS Y SISTEMAS
A4: Introducción a la Programación y Computación 1, Sección E
A5: Ing. William Estuardo Escobar Argueta
A6: Aux. Fernando José Vicente Velásquez
A8: Hoja de Calificación – Proyecto 2: Parque Residencial: Sistema de Gestión de Parqueo
A10: Fecha de calificación:
A11: Nombre del estudiante: | C11: =VLOOKUP(C12, Consolidado!$B$3:$C$26, 2, 0) -> #N/A
A12: Carné: | C12: 202400066
A14: Descripción de Ponderación | B14: Valor | C14: Observación | D14: Punteo
A15: 1. HABILIDADES – CÓMO SE PROGRAMA | B15: =B16+B21+B25 -> 15 | D15: =IF(N(D16)+N(D21)+N(D25)=0,"",N(D16)+N(D21)+N(D25)) -> 7.5
A16: 1.1 Documentación | B16: =SUM(B17:B20) -> 6 | D16: =IF(SUM(D17:D20)=0,"",SUM(D17:D20)) -> 5.5
A17: Manual técnico: arquitectura, diagrama de clases, estructuras, hilos y formato de archivos | B17: 2 | D17: 2
A18: Manual de usuario con capturas reales de cada panel (residentes, vehículos, visitantes, simulación, eventos) | B18: 1.5 | D18: 1
A19: Informe de desarrollo: plan por etapas, avance, problemas encontrados y soluciones | B19: 1.5 | D19: 1.5
A20: Informe realizado con herramienta https://aicodedetector.org/ | B20: 1 | D20: 1
A21: 1.2 Repositorio GitHub | B21: =SUM(B22:B24) -> 4 | D21: =IF(SUM(D22:D24)=0,"",SUM(D22:D24)) -> 2
A22: Formato de nombre correcto y auxiliar agregado como colaborador | B22: 1 | D22: 1
A23: Commits incrementales y semánticos (feat:, fix:, docs:), no concentrados al final | B23: 2 | D23: 0
A24: Proyecto compilable desde el repo, .jar ejecutable y archivos .txt de ejemplo incluidos | B24: 1 | D24: 1
A25: 1.3 Buenas prácticas de código e interfaz | B25: =SUM(B26:B28) -> 5
A26: Organización en paquetes (estructuras, modelo, hilos, persistencia, vista) con POO y sin sobreingeniería | B26: 2 | D26: 2
A27: Nombres de variables/métodos claros y comentarios útiles | B27: 1 | D27: 1
A28: Swing codificado manualmente y actualización de la UI desde hilos con SwingUtilities.invokeLater | B28: 2 | D28: 2
A29: 2. CONOCIMIENTO – QUÉ SE PROGRAMA | B29: =B30+B34+B37+B42+B45+B48+B53+B56+B59 -> 35 | D29: =IF(N(D30)+N(D34)+N(D37)+N(D42)+N(D45)+N(D48)+N(D53)+N(D56)+N(D59)=0,"",N(D30)+N(D34)+N(D37)+N(D42)+N(D45)+N(D48)+N(D53)+N(D56)+N(D59)) -> 35
A30: 2.1 Lista doblemente enlazada – Residentes | B30: =SUM(B31:B33) -> 5 | D30: =IF(SUM(D31:D33)=0,"",SUM(D31:D33)) -> 5
A31: Nodo propio con anterior/siguiente; insertar y buscar residentes (ID, nombre, casa, socio) | B31: 2 | D31: 2
A32: Eliminar y actualizar residentes manteniendo correctamente las referencias | B32: 2 | D32: 2
A33: Recorrido de la lista en ambos sentidos y visualización de los residentes | B33: 1 | D33: 1
A34: 2.2 Lista simplemente enlazada – Vehículos | B34: =SUM(B35:B36) -> 3 | D34: =IF(SUM(D35:D36)=0,"",SUM(D35:D36)) -> 3
A35: Lista propia por residente: insertar, eliminar y recorrer vehículos (placa, marca, modelo, color, tipo, estado) | B35: 2 | D35: 2
A36: Validación de 0 a 3 vehículos: impide registrar un cuarto vehículo | B36: 1 | D36: 1
A37: 2.3 Lista doble de listas simples – Parqueo | B37: =SUM(B38:B41) -> 7 | D37: =IF(SUM(D38:D41)=0,"",SUM(D38:D41)) -> 7
A38: 150 nodos que representan espacios físicos (ID, estado, vehículo estacionado, tipo socio/general) | B38: 2 | D38: 2
A39: Enlaces arriba/abajo y enlace simple que reflejan la distribución A–C (25) y E–I (15) | B39: 2 | D39: 2
A40: Recorrido para buscar espacio libre por tipo, asignación y liberación correcta del espacio | B40: 2 | D40: 2
A41: Validación del área de socios: ningún vehículo no autorizado ocupa A–C (reglas documentadas) | B41: 1 | D41: 1
A42: 2.4 Colas FIFO – Entrada y salida | B42: =SUM(B43:B44) -> 3 | D42: =IF(SUM(D43:D44)=0,"",SUM(D43:D44)) -> 3
A43: Cola de entrada manual (FIFO) consumida por las 3 garitas de entrada | B43: 1.5 | D43: 1.5
A44: Cola de salida implementada manualmente consumida por las 2 garitas | B44: 1.5 | D44: 1.5
A45: 2.5 Pila LIFO – Historial de eventos | B45: =SUM(B46:B47) -> 2 | D45: =IF(SUM(D46:D47)=0,"",SUM(D46:D47)) -> 2
A46: Pila implementada manualmente que registra ingreso, salida, asignación, rechazo, visitante y liberación | B46: 1 | D46: 1
A47: Consulta de los últimos eventos respetando el orden LIFO | B47: 1 | D47: 1
A48: 2.6 Hilos y sincronización | B48: =SUM(B49:B52) -> 6 | D48: =IF(SUM(D49:D52)=0,"",SUM(D49:D52)) -> 6
A49: 3 garitas de entrada y 2 de salida como hilos concurrentes con función real (Thread/Runnable) | B49: 2 | D49: 2
A50: Uso de synchronized para proteger colas y la lista de listas del parqueo | B50: 1.5 | D50: 1.5
A51: wait() en ciclo while con cola vacía y notify()/notifyAll() al llegar vehículos | B51: 1.5 | D51: 1.5
A52: Sin condiciones de carrera: no se asigna el mismo espacio a dos vehículos ni se pierden vehículos | B52: 1 | D52: 1
A53: 2.7 Gestión de residentes, socios y visitantes | B53: =SUM(B54:B55) -> 2 | D53: =IF(SUM(D54:D55)=0,"",SUM(D54:D55)) -> 2
A54: Registrar, modificar, eliminar y buscar residentes; asociar y mostrar sus vehículos | B54: 1 | D54: 1
A55: Visitantes como información temporal: ingresan, reciben espacio y salen sin guardarse como residentes | B55: 1 | D55: 1
A56: 2.8 Persistencia en archivos de texto | B56: =SUM(B57:B58) -> 2 | D56: =IF(SUM(D57:D58)=0,"",SUM(D57:D58)) -> 2
A57: Guarda residentes y vehículos al cerrar en archivos .txt con el formato definido | B57: 1 | D57: 1
A58: Reconstruye las listas enlazadas al iniciar y no persiste visitantes | B58: 1 | D58: 1
A59: 2.9 Interfaz gráfica y simulación | B59: =SUM(B60:B63) -> 5 | D59: =IF(SUM(D60:D63)=0,"",SUM(D60:D63)) -> 5
A60: Panel de parqueo: 150 espacios, diferencia libres/ocupados e identifica el vehículo | B60: 2 | D60: 2
A61: Paneles de residentes y vehículos funcionales | B61: 1 | D61: 1
A62: Paneles de entrada y salida: colas, garitas y vehículo atendido actualizándose en tiempo real | B62: 1 | D62: 1
A63: Panel de eventos y flujo completo (llegada → cola → garita → espacio → salida → pila) sin errores | B63: 1 | D63: 1
A64: 3. VERIFICACIÓN DE AUTORÍA / DEFENSA | B64: =B65+B71 -> 50 | D64: =IF(N(D65)+N(D71)=0,"",N(D65)+N(D71)) -> 11
A65: 3.1 Preguntas sobre el código | B65: =SUM(B66:B70) -> 20 | D65: =IF(SUM(D66:D70)=0,"",SUM(D66:D70)) -> 11
A66: Pregunta 1 (listas doble/simple): explica la lógica y localiza la implementación en el código | B66: 4 | D66: 4
A67: Pregunta 2 (lista de listas del parqueo): explica la lógica y localiza la implementación en el código | B67: 4 | D67: 3
A68: Pregunta 3 (colas y pila): explica la lógica y localiza la implementación en el código | B68: 4 | D68: 3
A69: Pregunta 4 (hilos y sincronización): explica la lógica y localiza la implementación en el código | B69: 4 | D69: 1
A70: Pregunta 5 (libre: persistencia, interfaz o reglas): explica la lógica y localiza la implementación | B70: 4 | D70: 0
A71: 3.2 Modificación de código durante la evaluación | B71: =SUM(B72:B74) -> 30 | D71: =IF(SUM(D72:D74)=0,"",SUM(D72:D74))
A72: Ubica en el código la lógica que debe modificar | B72: 8 | D72: 0
A73: Implementa la modificación solicitada | B73: 14 | D73: 0
A74: Compila el proyecto y demuestra el cambio funcionando | B74: 8 | D74: 0
A75: TOTAL OBTENIDO (antes de penalizaciones) | B75: =B15+B29+B64 -> 100 | D75: =IF(N(D15)+N(D29)+N(D64)=0,"",N(D15)+N(D29)+N(D64)) -> 53.5
A77: REQUISITOS PARA OPTAR A LA CALIFICACIÓN (informativo)
A78: Requisito | B78: Cumple | C78: Observación
A79: Estructuras propias: listas, colas y pila manuales (sin colecciones de java.util)
A80: Tecnologías: Java 17+ y Swing manual; sin JavaFX, bases de datos ni frameworks
A81: Ejecución: el proyecto compila y el archivo .jar funciona correctamente a partir de los entregables
A82: Repositorio: GitHub con historial de commits incrementales, auxiliar como colaborador y entregado en fecha
A83: Documentación: Manual técnico, Manual de usuario e Informe de desarrollo
A84: Originalidad: el código es de autoría propia (copias totales o parciales = 0 pts)
A85: Autoría: el estudiante se presenta a la evaluación, explica y modifica su código
A87: ASPECTOS REQUERIDOS – PENALIZACIONES SOBRE EL TOTAL OBTENIDO
A88: Descripción | B88: Penalización | C88: ¿Aplica? | D88: Descuento
A89: Falta de documentación adecuada (README, manuales, diagrama de clases o informe) | B89: -0.3 | D89: =IF(C89="Sí",$D$75*B89,"")
A90: Mal uso de estructura de código, comentarios o indentación (dificulta entender el código) | B90: -0.2 | D90: =IF(C90="Sí",$D$75*B90,"")
A91: El estudiante realizó commits fuera de la fecha de entrega | B91: -1 | D91: =IF(C91="Sí",$D$75*B91,"")
A92: El estudiante no realizó 2 commits semanales | B92: -0.2 | D92: =IF(C92="Sí",$D$75*B92,"")
A93: La aplicación no está desarrollada en Java | B93: -1 | D93: =IF(C93="Sí",$D$75*B93,"")
A94: Uso de JavaFX, bases de datos, frameworks o librerías externas no permitidas | B94: -0.75 | D94: =IF(C94="Sí",$D$75*B94,"")
A95: Uso de ArrayList, LinkedList, Stack, Queue, Deque u otra colección de java.util | B95: -1 | D95: =IF(C95="Sí",$D$75*B95,"")
A96: La interfaz no está hecha en Swing o se realizó con diseñador drag and drop | B96: -0.5 | D96: =IF(C96="Sí",$D$75*B96,"")
A97: La aplicación no tiene interfaz gráfica (es de consola) | B97: -1 | D97: =IF(C97="Sí",$D$75*B97,"")
A98: Los hilos no son concurrentes o se crean solo para cumplir el requisito (sin función real) | B98: -0.25 | D98: =IF(C98="Sí",$D$75*B98,"")
A99: Toda la solución está desarrollada dentro del método main | B99: -1 | D99: =IF(C99="Sí",$D$75*B99,"")
A100: No se agregó al auxiliar como colaborador del repositorio | B100: -1 | D100: =IF(C100="Sí",$D$75*B100,"")
... A106: 1 solo commit con todo el proyecto | B106: -1 | D106: =IF(C106="Sí",$D$75*B106,"")
A107: TOTAL DE PENALIZACIONES | D107: =IF(SUM(D89:D106)=0,"",SUM(D89:D106))
A109: NOTA FINAL (sobre 100 pts) | D109: =IF(MAX(0,ROUND(N($D$75)+N($D$107),2))=0,"",MAX(0,ROUND(N($D$75)+N($D$107),2))) -> 53.5
A111: Observaciones generales:
A116: _________________________ | C116: _________________________
...

Sheet 202400155
A1: UNIVERSIDAD DE SAN CARLOS DE GUATEMALA
A2: FACULTAD DE INGENIERÍA
A3: ESCUELA DE CIENCIAS Y SISTEMAS
A4: Introducción a la Programación y Computación 1, Sección E
A5: Ing. William Estuardo Escobar Argueta
A6: Aux. Fernando José Vicente Velásquez
A8: Hoja de Calificación – Proyecto 2: Parque Residencial: Sistema de Gestión de Parqueo
A10: Fecha de calificación:
A11: Nombre del estudiante: | C11: =VLOOKUP(C12, Consolidado!$B$3:$C$26, 2, 0) -> #N/A
A12: Carné: | C12: 202400155
A14: Descripción de Ponderación | B14: Valor | C14: Observación | D14: Punteo
A15: 1. HABILIDADES – CÓMO SE PROGRAMA | B15: =B16+B21+B25 -> 15 | D15: =IF(N(D16)+N(D21)+N(D25)=0,"",N(D16)+N(D21)+N(D25)) -> 15
A16: 1.1 Documentación | B16: =SUM(B17:B20) -> 6 | D16: =IF(SUM(D17:D20)=0,"",SUM(D17:D20)) -> 6
A17: Manual técnico: arquitectura, diagrama de clases, estructuras, hilos y formato de archivos | B17: 2 | D17: 2
A18: Manual de usuario con capturas reales de cada panel (residentes, vehículos, visitantes, simulación, eventos) | B18: 1.5 | D18: 1.5
A19: Informe de desarrollo: plan por etapas, avance, problemas encontrados y soluciones | B19: 1.5 | D19: 1.5
A20: Informe realizado con herramienta https://aicodedetector.org/ | B20: 1 | D20: 1
A21: 1.2 Repositorio GitHub | B21: =SUM(B22:B24) -> 4 | D21: =IF(SUM(D22:D24)=0,"",SUM(D22:D24)) -> 4
A22: Formato de nombre correcto y auxiliar agregado como colaborador | B22: 1 | D22: 1
A23: Commits incrementales y semánticos (feat:, fix:, docs:), no concentrados al final | B23: 2 | D23: 2
A24: Proyecto compilable desde el repo, .jar ejecutable y archivos .txt de ejemplo incluidos | B24: 1 | D24: 1
A25: 1.3 Buenas prácticas de código e interfaz | B25: =SUM(B26:B28) -> 5 | D25: =IF(SUM(D26:D28)=0,"",SUM(D26:D28)) -> 5
A26: Organización en paquetes (estructuras, modelo, hilos, persistencia, vista) con POO y sin sobreingeniería | B26: 2 | D26: 2
A27: Nombres de variables/métodos claros y comentarios útiles | B27: 1 | D27: 1
A28: Swing codificado manualmente y actualización de la UI desde hilos con SwingUtilities.invokeLater | B28: 2 | D28: 2
A29: 2. CONOCIMIENTO – QUÉ SE PROGRAMA | B29: =B30+B34+B37+B42+B45+B48+B53+B56+B59 -> 35 | D29: =IF(N(D30)+N(D34)+N(D37)+N(D42)+N(D45)+N(D48)+N(D53)+N(D56)+N(D59)=0,"",N(D30)+N(D34)+N(D37)+N(D42)+N(D45)+N(D48)+N(D53)+N(D56)+N(D59)) -> 35
A30: 2.1 Lista doblemente enlazada – Residentes | B30: =SUM(B31:B33) -> 5 | D30: =IF(SUM(D31:D33)=0,"",SUM(D31:D33)) -> 5
A31: Nodo propio con anterior/siguiente; insertar y buscar residentes (ID, nombre, casa, socio) | B31: 2 | D31: 2
A32: Eliminar y actualizar residentes manteniendo correctamente las referencias | B32: 2 | D32: 2
A33: Recorrido de la lista en ambos sentidos y visualización de los residentes | B33: 1 | D33: 1
A34: 2.2 Lista simplemente enlazada – Vehículos | B34: =SUM(B35:B36) -> 3 | D34: =IF(SUM(D35:D36)=0,"",SUM(D35:D36)) -> 3
A35: Lista propia por residente: insertar, eliminar y recorrer vehículos (placa, marca, modelo, color, tipo, estado) | B35: 2 | D35: 2
A36: Validación de 0 a 3 vehículos: impide registrar un cuarto vehículo | B36: 1 | D36: 1
A37: 2.3 Lista doble de listas simples – Parqueo | B37: =SUM(B38:B41) -> 7 | D37: =IF(SUM(D38:D41)=0,"",SUM(D38:D41)) -> 7
A38: 150 nodos que representan espacios físicos (ID, estado, vehículo estacionado, tipo socio/general) | B38: 2 | D38: 2
A39: Enlaces arriba/abajo y enlace simple que reflejan la distribución A–C (25) y E–I (15) | B39: 2 | D39: 2
A40: Recorrido para buscar espacio libre por tipo, asignación y liberación correcta del espacio | B40: 2 | D40: 2
A41: Validación del área de socios: ningún vehículo no autorizado ocupa A–C (reglas documentadas) | B41: 1 | D41: 1
A42: 2.4 Colas FIFO – Entrada y salida | B42: =SUM(B43:B44) -> 3 | D42: =IF(SUM(D43:D44)=0,"",SUM(D43:D44)) -> 3
A43: Cola de entrada manual (FIFO) consumida por las 3 garitas de entrada | B43: 1.5 | D43: 1.5
A44: Cola de salida implementada manualmente consumida por las 2 garitas | B44: 1.5 | D44: 1.5
A45: 2.5 Pila LIFO – Historial de eventos | B45: =SUM(B46:B47) -> 2 | D45: =IF(SUM(D46:D47)=0,"",SUM(D46:D47)) -> 2
A46: Pila implementada manualmente que registra ingreso, salida, asignación, rechazo, visitante y liberación | B46: 1 | D46: 1
A47: Consulta de los últimos eventos respetando el orden LIFO | B47: 1 | D47: 1
A48: 2.6 Hilos y sincronización | B48: =SUM(B49:B52) -> 6 | D48: =IF(SUM(D49:D52)=0,"",SUM(D49:D52)) -> 6
A49: 3 garitas de entrada y 2 de salida como hilos concurrentes con función real (Thread/Runnable) | B49: 2 | D49: 2
A50: Uso de synchronized para proteger colas y la lista de listas del parqueo | B50: 1.5 | D50: 1.5
A51: wait() en ciclo while con cola vacía y notify()/notifyAll() al llegar vehículos | B51: 1.5 | D51: 1.5
A52: Sin condiciones de carrera: no se asigna el mismo espacio a dos vehículos ni se pierden vehículos | B52: 1 | D52: 1
A53: 2.7 Gestión de residentes, socios y visitantes | B53: =SUM(B54:B55) -> 2 | D53: =IF(SUM(D54:D55)=0,"",SUM(D54:D55)) -> 2
A54: Registrar, modificar, eliminar y buscar residentes; asociar y mostrar sus vehículos | B54: 1 | D54: 1
A55: Visitantes como información temporal: ingresan, reciben espacio y salen sin guardarse como residentes | B55: 1 | D55: 1
A56: 2.8 Persistencia en archivos de texto | B56: =SUM(B57:B58) -> 2 | D56: =IF(SUM(D57:D58)=0,"",SUM(D57:D58)) -> 2
A57: Guarda residentes y vehículos al cerrar en archivos .txt con el formato definido | B57: 1 | D57: 1
A58: Reconstruye las listas enlazadas al iniciar y no persiste visitantes | B58: 1 | D58: 1
A59: 2.9 Interfaz gráfica y simulación | B59: =SUM(B60:B63) -> 5 | D59: =IF(SUM(D60:D63)=0,"",SUM(D60:D63)) -> 5
A60: Panel de parqueo: 150 espacios, diferencia libres/ocupados e identifica el vehículo | B60: 2 | D60: 2
A61: Paneles de residentes y vehículos funcionales | B61: 1 | D61: 1
A62: Paneles de entrada y salida: colas, garitas y vehículo atendido actualizándose en tiempo real | B62: 1 | D62: 1
A63: Panel de eventos y flujo completo (llegada → cola → garita → espacio → salida → pila) sin errores | B63: 1 | D63: 1
A64: 3. VERIFICACIÓN DE AUTORÍA / DEFENSA | B64: =B65+B71 -> 50 | D64: =IF(N(D65)+N(D71)=0,"",N(D65)+N(D71))
A65: 3.1 Preguntas sobre el código | B65: =SUM(B66:B70) -> 20 | D65: =IF(SUM(D66:D70)=0,"",SUM(D66:D70))
A66: Pregunta 1 (listas doble/simple): explica la lógica y localiza la implementación en el código | B66: 4 | D66: 0
A67: Pregunta 2 (lista de listas del parqueo): explica la lógica y localiza la implementación en el código | B67: 4 | D67: 0
A68: Pregunta 3 (colas y pila): explica la lógica y localiza la implementación en el código | B68: 4 | D68: 0
A69: Pregunta 4 (hilos y sincronización): explica la lógica y localiza la implementación en el código | B69: 4 | D69: 0
A70: Pregunta 5 (libre: persistencia, interfaz o reglas): explica la lógica y localiza la implementación | B70: 4 | D70: 0
A71: 3.2 Modificación de código durante la evaluación | B71: =SUM(B72:B74) -> 30 | D71: =IF(SUM(D72:D74)=0,"",SUM(D72:D74))
A72: Ubica en el código la lógica que debe modificar | B72: 8 | D72: 0
A73: Implementa la modificación solicitada | B73: 14 | D73: 0
A74: Compila el proyecto y demuestra el cambio funcionando | B74: 8 | D74: 0
A75: TOTAL OBTENIDO (antes de penalizaciones) | B75: =B15+B29+B64 -> 100 | D75: =IF(N(D15)+N(D29)+N(D64)=0,"",N(D15)+N(D29)+N(D64)) -> 50
A77: REQUISITOS PARA OPTAR A LA CALIFICACIÓN (informativo)
A78: Requisito | B78: Cumple | C78: Observación
A79: Estructuras propias: listas, colas y pila manuales (sin colecciones de java.util)
A80: Tecnologías: Java 17+ y Swing manual; sin JavaFX, bases de datos ni frameworks
A81: Ejecución: el proyecto compila y el archivo .jar funciona correctamente a partir de los entregables
A82: Repositorio: GitHub con historial de commits incrementales, auxiliar como colaborador y entregado en fecha
A83: Documentación: Manual técnico, Manual de usuario e Informe de desarrollo
A84: Originalidad: el código es de autoría propia (copias totales o parciales = 0 pts)
A85: Autoría: el estudiante se presenta a la evaluación, explica y modifica su código
A87: ASPECTOS REQUERIDOS – PENALIZACIONES SOBRE EL TOTAL OBTENIDO
A88: Descripción | B88: Penalización | C88: ¿Aplica? | D88: Descuento
A89: Falta de documentación adecuada (README, manuales, diagrama de clases o informe) | B89: -0.3 | D89: =IF(C89="Sí",$D$75*B89,"")
A90: Mal uso de estructura de código, comentarios o indentación (dificulta entender el código) | B90: -0.2 | D90: =IF(C90="Sí",$D$75*B90,"")
A91: El estudiante realizó commits fuera de la fecha de entrega | B91: -1 | D91: =IF(C91="Sí",$D$75*B91,"")
A92: El estudiante no realizó 2 commits semanales | B92: -0.2 | D92: =IF(C92="Sí",$D$75*B92,"")
A93: La aplicación no está desarrollada en Java | B93: -1 | D93: =IF(C93="Sí",$D$75*B93,"")
A94: Uso de JavaFX, bases de datos, frameworks o librerías externas no permitidas | B94: -0.75 | D94: =IF(C94="Sí",$D$75*B94,"")
A95: Uso de ArrayList, LinkedList, Stack, Queue, Deque u otra colección de java.util | B95: -1 | D95: =IF(C95="Sí",$D$75*B95,"")
A96: La interfaz no está hecha en Swing o se realizó con diseñador drag and drop | B96: -0.5 | D96: =IF(C96="Sí",$D$75*B96,"")
A97: La aplicación no tiene interfaz gráfica (es de consola) | B97: -1 | D97: =IF(C97="Sí",$D$75*B97,"")
A98: Los hilos no son concurrentes o se crean solo para cumplir el requisito (sin función real) | B98: -0.25 | D98: =IF(C98="Sí",$D$75*B98,"")
A99: Toda la solución está desarrollada dentro del método main | B99: -1 | D99: =IF(C99="Sí",$D$75*B99,"")
A100: No se agregó al auxiliar como colaborador del repositorio | B100: -1 | D100: =IF(C100="Sí",$D$75*B100,"")
... A106: 1 solo commit con todo el proyecto | B106: -1 | D106: =IF(C106="Sí",$D$75*B106,"")
A107: TOTAL DE PENALIZACIONES | D107: =IF(SUM(D89:D106)=0,"",SUM(D89:D106))
A109: NOTA FINAL (sobre 100 pts) | D109: =IF(MAX(0,ROUND(N($D$75)+N($D$107),2))=0,"",MAX(0,ROUND(N($D$75)+N($D$107),2))) -> 50
A111: Observaciones generales:
A116: _________________________ | C116: _________________________
...

Sheet 202405048
A1: UNIVERSIDAD DE SAN CARLOS DE GUATEMALA
A2: FACULTAD DE INGENIERÍA
A3: ESCUELA DE CIENCIAS Y SISTEMAS
A4: Introducción a la Programación y Computación 1, Sección E
A5: Ing. William Estuardo Escobar Argueta
A6: Aux. Fernando José Vicente Velásquez
A8: Hoja de Calificación – Proyecto 2: Parque Residencial: Sistema de Gestión de Parqueo
A10: Fecha de calificación:
A11: Nombre del estudiante: | C11: =VLOOKUP(C12, Consolidado!$B$3:$C$26, 2, 0) -> #N/A
A12: Carné: | C12: 202405048
A14: Descripción de Ponderación | B14: Valor | C14: Observación | D14: Punteo
A15: 1. HABILIDADES – CÓMO SE PROGRAMA | B15: =B16+B21+B25 -> 15 | D15: =IF(N(D16)+N(D21)+N(D25)=0,"",N(D16)+N(D21)+N(D25)) -> 15
A16: 1.1 Documentación | B16: =SUM(B17:B20) -> 6 | D16: =IF(SUM(D17:D20)=0,"",SUM(D17:D20)) -> 6
A17: Manual técnico: arquitectura, diagrama de clases, estructuras, hilos y formato de archivos | B17: 2 | D17: 2
A18: Manual de usuario con capturas reales de cada panel (residentes, vehículos, visitantes, simulación, eventos) | B18: 1.5 | D18: 1.5
A19: Informe de desarrollo: plan por etapas, avance, problemas encontrados y soluciones | B19: 1.5 | D19: 1.5
A20: Informe realizado con herramienta https://aicodedetector.org/ | B20: 1 | D20: 1
A21: 1.2 Repositorio GitHub | B21: =SUM(B22:B24) -> 4 | D21: =IF(SUM(D22:D24)=0,"",SUM(D22:D24)) -> 4
A22: Formato de nombre correcto y auxiliar agregado como colaborador | B22: 1 | D22: 1
A23: Commits incrementales y semánticos (feat:, fix:, docs:), no concentrados al final | B23: 2 | D23: 2
A24: Proyecto compilable desde el repo, .jar ejecutable y archivos .txt de ejemplo incluidos | B24: 1 | D24: 1
A25: 1.3 Buenas prácticas de código e interfaz | B25: =SUM(B26:B28) -> 5 | D25: =IF(SUM(D26:D28)=0,"",SUM(D26:D28)) -> 5
A26: Organización en paquetes (estructuras, modelo, hilos, persistencia, vista) con POO y sin sobreingeniería | B26: 2 | D26: 2
A27: Nombres de variables/métodos claros y comentarios útiles | B27: 1 | D27: 1
A28: Swing codificado manualmente y actualización de la UI desde hilos con SwingUtilities.invokeLater | B28: 2 | D28: 2
A29: 2. CONOCIMIENTO – QUÉ SE PROGRAMA | B29: =B30+B34+B37+B42+B45+B48+B53+B56+B59 -> 35 | D29: =IF(N(D30)+N(D34)+N(D37)+N(D42)+N(D45)+N(D48)+N(D53)+N(D56)+N(D59)=0,"",N(D30)+N(D34)+N(D37)+N(D42)+N(D45)+N(D48)+N(D53)+N(D56)+N(D59)) -> 35
A30: 2.1 Lista doblemente enlazada – Residentes | B30: =SUM(B31:B33) -> 5 | D30: =IF(SUM(D31:D33)=0,"",SUM(D31:D33)) -> 5
A31: Nodo propio con anterior/siguiente; insertar y buscar residentes (ID, nombre, casa, socio) | B31: 2 | D31: 2
A32: Eliminar y actualizar residentes manteniendo correctamente las referencias | B32: 2 | D32: 2
A33: Recorrido de la lista en ambos sentidos y visualización de los residentes | B33: 1 | D33: 1
A34: 2.2 Lista simplemente enlazada – Vehículos | B34: =SUM(B35:B36) -> 3 | D34: =IF(SUM(D35:D36)=0,"",SUM(D35:D36)) -> 3
A35: Lista propia por residente: insertar, eliminar y recorrer vehículos (placa, marca, modelo, color, tipo, estado) | B35: 2 | D35: 2
A36: Validación de 0 a 3 vehículos: impide registrar un cuarto vehículo | B36: 1 | D36: 1
A37: 2.3 Lista doble de listas simples – Parqueo | B37: =SUM(B38:B41) -> 7 | D37: =IF(SUM(D38:D41)=0,"",SUM(D38:D41)) -> 7
A38: 150 nodos que representan espacios físicos (ID, estado, vehículo estacionado, tipo socio/general) | B38: 2 | D38: 2
A39: Enlaces arriba/abajo y enlace simple que reflejan la distribución A–C (25) y E–I (15) | B39: 2 | D39: 2
A40: Recorrido para buscar espacio libre por tipo, asignación y liberación correcta del espacio | B40: 2 | D40: 2
A41: Validación del área de socios: ningún vehículo no autorizado ocupa A–C (reglas documentadas) | B41: 1 | D41: 1
A42: 2.4 Colas FIFO – Entrada y salida | B42: =SUM(B43:B44) -> 3 | D42: =IF(SUM(D43:D44)=0,"",SUM(D43:D44)) -> 3
A43: Cola de entrada manual (FIFO) consumida por las 3 garitas de entrada | B43: 1.5 | D43: 1.5
A44: Cola de salida implementada manualmente consumida por las 2 garitas | B44: 1.5 | D44: 1.5
A45: 2.5 Pila LIFO – Historial de eventos | B45: =SUM(B46:B47) -> 2 | D45: =IF(SUM(D46:D47)=0,"",SUM(D46:D47)) -> 2
A46: Pila implementada manualmente que registra ingreso, salida, asignación, rechazo, visitante y liberación | B46: 1 | D46: 1
A47: Consulta de los últimos eventos respetando el orden LIFO | B47: 1 | D47: 1
A48: 2.6 Hilos y sincronización | B48: =SUM(B49:B52) -> 6 | D48: =IF(SUM(D49:D52)=0,"",SUM(D49:D52)) -> 6
A49: 3 garitas de entrada y 2 de salida como hilos concurrentes con función real (Thread/Runnable) | B49: 2 | D49: 2
A50: Uso de synchronized para proteger colas y la lista de listas del parqueo | B50: 1.5 | D50: 1.5
A51: wait() en ciclo while con cola vacía y notify()/notifyAll() al llegar vehículos | B51: 1.5 | D51: 1.5
A52: Sin condiciones de carrera: no se asigna el mismo espacio a dos vehículos ni se pierden vehículos | B52: 1 | D52: 1
A53: 2.7 Gestión de residentes, socios y visitantes | B53: =SUM(B54:B55) -> 2 | D53: =IF(SUM(D54:D55)=0,"",SUM(D54:D55)) -> 2
A54: Registrar, modificar, eliminar y buscar residentes; asociar y mostrar sus vehículos | B54: 1 | D54: 1
A55: Visitantes como información temporal: ingresan, reciben espacio y salen sin guardarse como residentes | B55: 1 | D55: 1
A56: 2.8 Persistencia en archivos de texto | B56: =SUM(B57:B58) -> 2 | D56: =IF(SUM(D57:D58)=0,"",SUM(D57:D58)) -> 2
A57: Guarda residentes y vehículos al cerrar en archivos .txt con el formato definido | B57: 1 | D57: 1
A58: Reconstruye las listas enlazadas al iniciar y no persiste visitantes | B58: 1 | D58: 1
A59: 2.9 Interfaz gráfica y simulación | B59: =SUM(B60:B63) -> 5 | D59: =IF(SUM(D60:D63)=0,"",SUM(D60:D63)) -> 5
A60: Panel de parqueo: 150 espacios, diferencia libres/ocupados e identifica el vehículo | B60: 2 | D60: 2
A61: Paneles de residentes y vehículos funcionales | B61: 1 | D61: 1
A62: Paneles de entrada y salida: colas, garitas y vehículo atendido actualizándose en tiempo real | B62: 1 | D62: 1
A63: Panel de eventos y flujo completo (llegada → cola → garita → espacio → salida → pila) sin errores | B63: 1 | D63: 1
A64: 3. VERIFICACIÓN DE AUTORÍA / DEFENSA | B64: =B65+B71 -> 50 | D64: =IF(N(D65)+N(D71)=0,"",N(D65)+N(D71)) -> 15
A65: 3.1 Preguntas sobre el código | B65: =SUM(B66:B70) -> 20 | D65: =IF(SUM(D66:D70)=0,"",SUM(D66:D70)) -> 7
A66: Pregunta 1 (listas doble/simple): explica la lógica y localiza la implementación en el código | B66: 4 | D66: 1
A67: Pregunta 2 (lista de listas del parqueo): explica la lógica y localiza la implementación en el código | B67: 4 | D67: 0
A68: Pregunta 3 (colas y pila): explica la lógica y localiza la implementación en el código | B68: 4 | D68: 2
A69: Pregunta 4 (hilos y sincronización): explica la lógica y localiza la implementación en el código | B69: 4 | D69: 3
A70: Pregunta 5 (libre: persistencia, interfaz o reglas): explica la lógica y localiza la implementación | B70: 4 | D70: 1
A71: 3.2 Modificación de código durante la evaluación | B71: =SUM(B72:B74) -> 30 | D71: =IF(SUM(D72:D74)=0,"",SUM(D72:D74)) -> 8
A72: Ubica en el código la lógica que debe modificar | B72: 8 | D72: 0
A73: Implementa la modificación solicitada | B73: 14 | D73: 0
A74: Compila el proyecto y demuestra el cambio funcionando | B74: 8 | D74: 8
A75: TOTAL OBTENIDO (antes de penalizaciones) | B75: =B15+B29+B64 -> 100 | D75: =IF(N(D15)+N(D29)+N(D64)=0,"",N(D15)+N(D29)+N(D64)) -> 65
A77: REQUISITOS PARA OPTAR A LA CALIFICACIÓN (informativo)
A78: Requisito | B78: Cumple | C78: Observación
A79: Estructuras propias: listas, colas y pila manuales (sin colecciones de java.util)
A80: Tecnologías: Java 17+ y Swing manual; sin JavaFX, bases de datos ni frameworks
A81: Ejecución: el proyecto compila y el archivo .jar funciona correctamente a partir de los entregables
A82: Repositorio: GitHub con historial de commits incrementales, auxiliar como colaborador y entregado en fecha
A83: Documentación: Manual técnico, Manual de usuario e Informe de desarrollo
A84: Originalidad: el código es de autoría propia (copias totales o parciales = 0 pts)
A85: Autoría: el estudiante se presenta a la evaluación, explica y modifica su código
A87: ASPECTOS REQUERIDOS – PENALIZACIONES SOBRE EL TOTAL OBTENIDO
A88: Descripción | B88: Penalización | C88: ¿Aplica? | D88: Descuento
A89: Falta de documentación adecuada (README, manuales, diagrama de clases o informe) | B89: -0.3 | D89: =IF(C89="Sí",$D$75*B89,"")
A90: Mal uso de estructura de código, comentarios o indentación (dificulta entender el código) | B90: -0.2 | D90: =IF(C90="Sí",$D$75*B90,"")
A91: El estudiante realizó commits fuera de la fecha de entrega | B91: -1 | D91: =IF(C91="Sí",$D$75*B91,"")
A92: El estudiante no realizó 2 commits semanales | B92: -0.2 | D92: =IF(C92="Sí",$D$75*B92,"")
A93: La aplicación no está desarrollada en Java | B93: -1 | D93: =IF(C93="Sí",$D$75*B93,"")
A94: Uso de JavaFX, bases de datos, frameworks o librerías externas no permitidas | B94: -0.75 | D94: =IF(C94="Sí",$D$75*B94,"")
A95: Uso de ArrayList, LinkedList, Stack, Queue, Deque u otra colección de java.util | B95: -1 | D95: =IF(C95="Sí",$D$75*B95,"")
A96: La interfaz no está hecha en Swing o se realizó con diseñador drag and drop | B96: -0.5 | D96: =IF(C96="Sí",$D$75*B96,"")
A97: La aplicación no tiene interfaz gráfica (es de consola) | B97: -1 | D97: =IF(C97="Sí",$D$75*B97,"")
A98: Los hilos no son concurrentes o se crean solo para cumplir el requisito (sin función real) | B98: -0.25 | D98: =IF(C98="Sí",$D$75*B98,"")
A99: Toda la solución está desarrollada dentro del método main | B99: -1 | D99: =IF(C99="Sí",$D$75*B99,"")
A100: No se agregó al auxiliar como colaborador del repositorio | B100: -1 | D100: =IF(C100="Sí",$D$75*B100,"")
... A106: 1 solo commit con todo el proyecto | B106: -1 | D106: =IF(C106="Sí",$D$75*B106,"")
A107: TOTAL DE PENALIZACIONES | D107: =IF(SUM(D89:D106)=0,"",SUM(D89:D106))
A109: NOTA FINAL (sobre 100 pts) | D109: =IF(MAX(0,ROUND(N($D$75)+N($D$107),2))=0,"",MAX(0,ROUND(N($D$75)+N($D$107),2))) -> 65
A111: Observaciones generales:
A116: _________________________ | C116: _________________________
...

Sheet 202403338
A1: UNIVERSIDAD DE SAN CARLOS DE GUATEMALA
A2: FACULTAD DE INGENIERÍA
A3: ESCUELA DE CIENCIAS Y SISTEMAS
A4: Introducción a la Programación y Computación 1, Sección E
A5: Ing. William Estuardo Escobar Argueta
A6: Aux. Fernando José Vicente Velásquez
A8: Hoja de Calificación – Proyecto 2: Parque Residencial: Sistema de Gestión de Parqueo
A10: Fecha de calificación:
A11: Nombre del estudiante: | C11: =VLOOKUP(C12, Consolidado!$B$3:$C$26, 2, 0) -> #N/A
A12: Carné: | C12: 202403338
A14: Descripción de Ponderación | B14: Valor | C14: Observación | D14: Punteo
A15: 1. HABILIDADES – CÓMO SE PROGRAMA | B15: =B16+B21+B25 -> 15 | D15: =IF(N(D16)+N(D21)+N(D25)=0,"",N(D16)+N(D21)+N(D25)) -> 15
A16: 1.1 Documentación | B16: =SUM(B17:B20) -> 6 | D16: =IF(SUM(D17:D20)=0,"",SUM(D17:D20)) -> 6
A17: Manual técnico: arquitectura, diagrama de clases, estructuras, hilos y formato de archivos | B17: 2 | D17: 2
A18: Manual de usuario con capturas reales de cada panel (residentes, vehículos, visitantes, simulación, eventos) | B18: 1.5 | D18: 1.5
A19: Informe de desarrollo: plan por etapas, avance, problemas encontrados y soluciones | B19: 1.5 | D19: 1.5
A20: Informe realizado con herramienta https://aicodedetector.org/ | B20: 1 | D20: 1
A21: 1.2 Repositorio GitHub | B21: =SUM(B22:B24) -> 4 | D21: =IF(SUM(D22:D24)=0,"",SUM(D22:D24)) -> 4
A22: Formato de nombre correcto y auxiliar agregado como colaborador | B22: 1 | D22: 1
A23: Commits incrementales y semánticos (feat:, fix:, docs:), no concentrados al final | B23: 2 | D23: 2
A24: Proyecto compilable desde el repo, .jar ejecutable y archivos .txt de ejemplo incluidos | B24: 1 | D24: 1
A25: 1.3 Buenas prácticas de código e interfaz | B25: =SUM(B26:B28) -> 5 | D25: =IF(SUM(D26:D28)=0,"",SUM(D26:D28)) -> 5
A26: Organización en paquetes (estructuras, modelo, hilos, persistencia, vista) con POO y sin sobreingeniería | B26: 2 | D26: 2
A27: Nombres de variables/métodos claros y comentarios útiles | B27: 1 | D27: 1
A28: Swing codificado manualmente y actualización de la UI desde hilos con SwingUtilities.invokeLater | B28: 2 | D28: 2
A29: 2. CONOCIMIENTO – QUÉ SE PROGRAMA | B29: =B30+B34+B37+B42+B45+B48+B53+B56+B59 -> 35 | D29: =IF(N(D30)+N(D34)+N(D37)+N(D42)+N(D45)+N(D48)+N(D53)+N(D56)+N(D59)=0,"",N(D30)+N(D34)+N(D37)+N(D42)+N(D45)+N(D48)+N(D53)+N(D56)+N(D59)) -> 35
A30: 2.1 Lista doblemente enlazada – Residentes | B30: =SUM(B31:B33) -> 5 | D30: =IF(SUM(D31:D33)=0,"",SUM(D31:D33)) -> 5
A31: Nodo propio con anterior/siguiente; insertar y buscar residentes (ID, nombre, casa, socio) | B31: 2 | D31: 2
A32: Eliminar y actualizar residentes manteniendo correctamente las referencias | B32: 2 | D32: 2
A33: Recorrido de la lista en ambos sentidos y visualización de los residentes | B33: 1 | D33: 1
A34: 2.2 Lista simplemente enlazada – Vehículos | B34: =SUM(B35:B36) -> 3 | D34: =IF(SUM(D35:D36)=0,"",SUM(D35:D36)) -> 3
A35: Lista propia por residente: insertar, eliminar y recorrer vehículos (placa, marca, modelo, color, tipo, estado) | B35: 2 | D35: 2
A36: Validación de 0 a 3 vehículos: impide registrar un cuarto vehículo | B36: 1 | D36: 1
A37: 2.3 Lista doble de listas simples – Parqueo | B37: =SUM(B38:B41) -> 7 | D37: =IF(SUM(D38:D41)=0,"",SUM(D38:D41)) -> 7
A38: 150 nodos que representan espacios físicos (ID, estado, vehículo estacionado, tipo socio/general) | B38: 2 | D38: 2
A39: Enlaces arriba/abajo y enlace simple que reflejan la distribución A–C (25) y E–I (15) | B39: 2 | D39: 2
A40: Recorrido para buscar espacio libre por tipo, asignación y liberación correcta del espacio | B40: 2 | D40: 2
A41: Validación del área de socios: ningún vehículo no autorizado ocupa A–C (reglas documentadas) | B41: 1 | D41: 1
A42: 2.4 Colas FIFO – Entrada y salida | B42: =SUM(B43:B44) -> 3 | D42: =IF(SUM(D43:D44)=0,"",SUM(D43:D44)) -> 3
A43: Cola de entrada manual (FIFO) consumida por las 3 garitas de entrada | B43: 1.5 | D43: 1.5
A44: Cola de salida implementada manualmente consumida por las 2 garitas | B44: 1.5 | D44: 1.5
A45: 2.5 Pila LIFO – Historial de eventos | B45: =SUM(B46:B47) -> 2 | D45: =IF(SUM(D46:D47)=0,"",SUM(D46:D47)) -> 2
A46: Pila implementada manualmente que registra ingreso, salida, asignación, rechazo, visitante y liberación | B46: 1 | D46: 1
A47: Consulta de los últimos eventos respetando el orden LIFO | B47: 1 | D47: 1
A48: 2.6 Hilos y sincronización | B48: =SUM(B49:B52) -> 6 | D48: =IF(SUM(D49:D52)=0,"",SUM(D49:D52)) -> 6
A49: 3 garitas de entrada y 2 de salida como hilos concurrentes con función real (Thread/Runnable) | B49: 2 | D49: 2
A50: Uso de synchronized para proteger colas y la lista de listas del parqueo | B50: 1.5 | D50: 1.5
A51: wait() en ciclo while con cola vacía y notify()/notifyAll() al llegar vehículos | B51: 1.5 | D51: 1.5
A52: Sin condiciones de carrera: no se asigna el mismo espacio a dos vehículos ni se pierden vehículos | B52: 1 | D52: 1
A53: 2.7 Gestión de residentes, socios y visitantes | B53: =SUM(B54:B55) -> 2 | D53: =IF(SUM(D54:D55)=0,"",SUM(D54:D55)) -> 2
A54: Registrar, modificar, eliminar y buscar residentes; asociar y mostrar sus vehículos | B54: 1 | D54: 1
A55: Visitantes como información temporal: ingresan, reciben espacio y salen sin guardarse como residentes | B55: 1 | D55: 1
A56: 2.8 Persistencia en archivos de texto | B56: =SUM(B57:B58) -> 2 | D56: =IF(SUM(D57:D58)=0,"",SUM(D57:D58)) -> 2
A57: Guarda residentes y vehículos al cerrar en archivos .txt con el formato definido | B57: 1 | D57: 1
A58: Reconstruye las listas enlazadas al iniciar y no persiste visitantes | B58: 1 | D58: 1
A59: 2.9 Interfaz gráfica y simulación | B59: =SUM(B60:B63) -> 5 | D59: =IF(SUM(D60:D63)=0,"",SUM(D60:D63)) -> 5
A60: Panel de parqueo: 150 espacios, diferencia libres/ocupados e identifica el vehículo | B60: 2 | D60: 2
A61: Paneles de residentes y vehículos funcionales | B61: 1 | D61: 1
A62: Paneles de entrada y salida: colas, garitas y vehículo atendido actualizándose en tiempo real | B62: 1 | D62: 1
A63: Panel de eventos y flujo completo (llegada → cola → garita → espacio → salida → pila) sin errores | B63: 1 | D63: 1
A64: 3. VERIFICACIÓN DE AUTORÍA / DEFENSA | B64: =B65+B71 -> 50 | D64: =IF(N(D65)+N(D71)=0,"",N(D65)+N(D71)) -> 7
A65: 3.1 Preguntas sobre el código | B65: =SUM(B66:B70) -> 20 | D65: =IF(SUM(D66:D70)=0,"",SUM(D66:D70)) -> 7
A66: Pregunta 1 (listas doble/simple): explica la lógica y localiza la implementación en el código | B66: 4 | D66: 0
A67: Pregunta 2 (lista de listas del parqueo): explica la lógica y localiza la implementación en el código | B67: 4 | D67: 3
A68: Pregunta 3 (colas y pila): explica la lógica y localiza la implementación en el código | B68: 4 | D68: 2
A69: Pregunta 4 (hilos y sincronización): explica la lógica y localiza la implementación en el código | B69: 4 | D69: 0
A70: Pregunta 5 (libre: persistencia, interfaz o reglas): explica la lógica y localiza la implementación | B70: 4 | D70: 2
A71: 3.2 Modificación de código durante la evaluación | B71: =SUM(B72:B74) -> 30 | D71: =IF(SUM(D72:D74)=0,"",SUM(D72:D74))
A72: Ubica en el código la lógica que debe modificar | B72: 8 | D72: 0
A73: Implementa la modificación solicitada | B73: 14 | D73: 0
A74: Compila el proyecto y demuestra el cambio funcionando | B74: 8 | D74: 0
A75: TOTAL OBTENIDO (antes de penalizaciones) | B75: =B15+B29+B64 -> 100 | D75: =IF(N(D15)+N(D29)+N(D64)=0,"",N(D15)+N(D29)+N(D64)) -> 57
A77: REQUISITOS PARA OPTAR A LA CALIFICACIÓN (informativo)
A78: Requisito | B78: Cumple | C78: Observación
A79: Estructuras propias: listas, colas y pila manuales (sin colecciones de java.util)
A80: Tecnologías: Java 17+ y Swing manual; sin JavaFX, bases de datos ni frameworks
A81: Ejecución: el proyecto compila y el archivo .jar funciona correctamente a partir de los entregables
A82: Repositorio: GitHub con historial de commits incrementales, auxiliar como colaborador y entregado en fecha
A83: Documentación: Manual técnico, Manual de usuario e Informe de desarrollo
A84: Originalidad: el código es de autoría propia (copias totales o parciales = 0 pts)
A85: Autoría: el estudiante se presenta a la evaluación, explica y modifica su código
A87: ASPECTOS REQUERIDOS – PENALIZACIONES SOBRE EL TOTAL OBTENIDO
A88: Descripción | B88: Penalización | C88: ¿Aplica? | D88: Descuento
A89: Falta de documentación adecuada (README, manuales, diagrama de clases o informe) | B89: -0.3 | D89: =IF(C89="Sí",$D$75*B89,"")
A90: Mal uso de estructura de código, comentarios o indentación (dificulta entender el código) | B90: -0.2 | D90: =IF(C90="Sí",$D$75*B90,"")
A91: El estudiante realizó commits fuera de la fecha de entrega | B91: -1 | D91: =IF(C91="Sí",$D$75*B91,"")
A92: El estudiante no realizó 2 commits semanales | B92: -0.2 | D92: =IF(C92="Sí",$D$75*B92,"")
A93: La aplicación no está desarrollada en Java | B93: -1 | D93: =IF(C93="Sí",$D$75*B93,"")
A94: Uso de JavaFX, bases de datos, frameworks o librerías externas no permitidas | B94: -0.75 | D94: =IF(C94="Sí",$D$75*B94,"")
A95: Uso de ArrayList, LinkedList, Stack, Queue, Deque u otra colección de java.util | B95: -1 | D95: =IF(C95="Sí",$D$75*B95,"")
A96: La interfaz no está hecha en Swing o se realizó con diseñador drag and drop | B96: -0.5 | D96: =IF(C96="Sí",$D$75*B96,"")
A97: La aplicación no tiene interfaz gráfica (es de consola) | B97: -1 | D97: =IF(C97="Sí",$D$75*B97,"")
A98: Los hilos no son concurrentes o se crean solo para cumplir el requisito (sin función real) | B98: -0.25 | D98: =IF(C98="Sí",$D$75*B98,"")
A99: Toda la solución está desarrollada dentro del método main | B99: -1 | D99: =IF(C99="Sí",$D$75*B99,"")
A100: No se agregó al auxiliar como colaborador del repositorio | B100: -1 | D100: =IF(C100="Sí",$D$75*B100,"")
... A106: 1 solo commit con todo el proyecto | B106: -1 | D106: =IF(C106="Sí",$D$75*B106,"")
A107: TOTAL DE PENALIZACIONES | D107: =IF(SUM(D89:D106)=0,"",SUM(D89:D106))
A109: NOTA FINAL (sobre 100 pts) | D109: =IF(MAX(0,ROUND(N($D$75)+N($D$107),2))=0,"",MAX(0,ROUND(N($D$75)+N($D$107),2))) -> 57
A111: Observaciones generales:
A116: _________________________ | C116: _________________________
...

Sheet 202507586
A1: UNIVERSIDAD DE SAN CARLOS DE GUATEMALA
A2: FACULTAD DE INGENIERÍA
A3: ESCUELA DE CIENCIAS Y SISTEMAS
A4: Introducción a la Programación y Computación 1, Sección E
A5: Ing. William Estuardo Escobar Argueta
A6: Aux. Fernando José Vicente Velásquez
A8: Hoja de Calificación – Proyecto 2: Parque Residencial: Sistema de Gestión de Parqueo
A10: Fecha de calificación:
A11: Nombre del estudiante: | C11: =VLOOKUP(C12, Consolidado!$B$3:$C$26, 2, 0) -> #N/A
A12: Carné: | C12: 202507586
A14: Descripción de Ponderación | B14: Valor | C14: Observación | D14: Punteo
A15: 1. HABILIDADES – CÓMO SE PROGRAMA | B15: =B16+B21+B25 -> 15 | D15: =IF(N(D16)+N(D21)+N(D25)=0,"",N(D16)+N(D21)+N(D25)) -> 15
A16: 1.1 Documentación | B16: =SUM(B17:B20) -> 6 | D16: =IF(SUM(D17:D20)=0,"",SUM(D17:D20)) -> 6
A17: Manual técnico: arquitectura, diagrama de clases, estructuras, hilos y formato de archivos | B17: 2 | D17: 2
A18: Manual de usuario con capturas reales de cada panel (residentes, vehículos, visitantes, simulación, eventos) | B18: 1.5 | D18: 1.5
A19: Informe de desarrollo: plan por etapas, avance, problemas encontrados y soluciones | B19: 1.5 | D19: 1.5
A20: Informe realizado con herramienta https://aicodedetector.org/ | B20: 1 | D20: 1
A21: 1.2 Repositorio GitHub | B21: =SUM(B22:B24) -> 4 | D21: =IF(SUM(D22:D24)=0,"",SUM(D22:D24)) -> 4
A22: Formato de nombre correcto y auxiliar agregado como colaborador | B22: 1 | D22: 1
A23: Commits incrementales y semánticos (feat:, fix:, docs:), no concentrados al final | B23: 2 | D23: 2
A24: Proyecto compilable desde el repo, .jar ejecutable y archivos .txt de ejemplo incluidos | B24: 1 | D24: 1
A25: 1.3 Buenas prácticas de código e interfaz | B25: =SUM(B26:B28) -> 5 | D25: =IF(SUM(D26:D28)=0,"",SUM(D26:D28)) -> 5
A26: Organización en paquetes (estructuras, modelo, hilos, persistencia, vista) con POO y sin sobreingeniería | B26: 2 | D26: 2
A27: Nombres de variables/métodos claros y comentarios útiles | B27: 1 | D27: 1
A28: Swing codificado manualmente y actualización de la UI desde hilos con SwingUtilities.invokeLater | B28: 2 | D28: 2
A29: 2. CONOCIMIENTO – QUÉ SE PROGRAMA | B29: =B30+B34+B37+B42+B45+B48+B53+B56+B59 -> 35 | D29: =IF(N(D30)+N(D34)+N(D37)+N(D42)+N(D45)+N(D48)+N(D53)+N(D56)+N(D59)=0,"",N(D30)+N(D34)+N(D37)+N(D42)+N(D45)+N(D48)+N(D53)+N(D56)+N(D59)) -> 33
A30: 2.1 Lista doblemente enlazada – Residentes | B30: =SUM(B31:B33) -> 5 | D30: =IF(SUM(D31:D33)=0,"",SUM(D31:D33)) -> 4
A31: Nodo propio con anterior/siguiente; insertar y buscar residentes (ID, nombre, casa, socio) | B31: 2 | D31: 2
A32: Eliminar y actualizar residentes manteniendo correctamente las referencias | B32: 2 | D32: 1
A33: Recorrido de la lista en ambos sentidos y visualización de los residentes | B33: 1 | D33: 1
A34: 2.2 Lista simplemente enlazada – Vehículos | B34: =SUM(B35:B36) -> 3 | D34: =IF(SUM(D35:D36)=0,"",SUM(D35:D36)) -> 3
A35: Lista propia por residente: insertar, eliminar y recorrer vehículos (placa, marca, modelo, color, tipo, estado) | B35: 2 | D35: 2
A36: Validación de 0 a 3 vehículos: impide registrar un cuarto vehículo | B36: 1 | D36: 1
A37: 2.3 Lista doble de listas simples – Parqueo | B37: =SUM(B38:B41) -> 7 | D37: =IF(SUM(D38:D41)=0,"",SUM(D38:D41)) -> 6
A38: 150 nodos que representan espacios físicos (ID, estado, vehículo estacionado, tipo socio/general) | B38: 2 | D38: 1
A39: Enlaces arriba/abajo y enlace simple que reflejan la distribución A–C (25) y E–I (15) | B39: 2 | D39: 2
A40: Recorrido para buscar espacio libre por tipo, asignación y liberación correcta del espacio | B40: 2 | D40: 2
A41: Validación del área de socios: ningún vehículo no autorizado ocupa A–C (reglas documentadas) | B41: 1 | D41: 1
A42: 2.4 Colas FIFO – Entrada y salida | B42: =SUM(B43:B44) -> 3 | D42: =IF(SUM(D43:D44)=0,"",SUM(D43:D44)) -> 3
A43: Cola de entrada manual (FIFO) consumida por las 3 garitas de entrada | B43: 1.5 | D43: 1.5
A44: Cola de salida implementada manualmente consumida por las 2 garitas | B44: 1.5 | D44: 1.5
A45: 2.5 Pila LIFO – Historial de eventos | B45: =SUM(B46:B47) -> 2 | D45: =IF(SUM(D46:D47)=0,"",SUM(D46:D47)) -> 2
A46: Pila implementada manualmente que registra ingreso, salida, asignación, rechazo, visitante y liberación | B46: 1 | D46: 1
A47: Consulta de los últimos eventos respetando el orden LIFO | B47: 1 | D47: 1
A48: 2.6 Hilos y sincronización | B48: =SUM(B49:B52) -> 6 | D48: =IF(SUM(D49:D52)=0,"",SUM(D49:D52)) -> 6
A49: 3 garitas de entrada y 2 de salida como hilos concurrentes con función real (Thread/Runnable) | B49: 2 | D49: 2
A50: Uso de synchronized para proteger colas y la lista de listas del parqueo | B50: 1.5 | D50: 1.5
A51: wait() en ciclo while con cola vacía y notify()/notifyAll() al llegar vehículos | B51: 1.5 | D51: 1.5
A52: Sin condiciones de carrera: no se asigna el mismo espacio a dos vehículos ni se pierden vehículos | B52: 1 | D52: 1
A53: 2.7 Gestión de residentes, socios y visitantes | B53: =SUM(B54:B55) -> 2 | D53: =IF(SUM(D54:D55)=0,"",SUM(D54:D55)) -> 2
A54: Registrar, modificar, eliminar y buscar residentes; asociar y mostrar sus vehículos | B54: 1 | D54: 1
A55: Visitantes como información temporal: ingresan, reciben espacio y salen sin guardarse como residentes | B55: 1 | D55: 1
A56: 2.8 Persistencia en archivos de texto | B56: =SUM(B57:B58) -> 2 | D56: =IF(SUM(D57:D58)=0,"",SUM(D57:D58)) -> 2
A57: Guarda residentes y vehículos al cerrar en archivos .txt con el formato definido | B57: 1 | D57: 1
A58: Reconstruye las listas enlazadas al iniciar y no persiste visitantes | B58: 1 | D58: 1
A59: 2.9 Interfaz gráfica y simulación | B59: =SUM(B60:B63) -> 5 | D59: =IF(SUM(D60:D63)=0,"",SUM(D60:D63)) -> 5
A60: Panel de parqueo: 150 espacios, diferencia libres/ocupados e identifica el vehículo | B60: 2 | D60: 2
A61: Paneles de residentes y vehículos funcionales | B61: 1 | D61: 1
A62: Paneles de entrada y salida: colas, garitas y vehículo atendido actualizándose en tiempo real | B62: 1 | D62: 1
A63: Panel de eventos y flujo completo (llegada → cola → garita → espacio → salida → pila) sin errores | B63: 1 | D63: 1
A64: 3. VERIFICACIÓN DE AUTORÍA / DEFENSA | B64: =B65+B71 -> 50 | D64: =IF(N(D65)+N(D71)=0,"",N(D65)+N(D71)) -> 26
A65: 3.1 Preguntas sobre el código | B65: =SUM(B66:B70) -> 20 | D65: =IF(SUM(D66:D70)=0,"",SUM(D66:D70)) -> 14
A66: Pregunta 1 (listas doble/simple): explica la lógica y localiza la implementación en el código | B66: 4 | D66: 4
A67: Pregunta 2 (lista de listas del parqueo): explica la lógica y localiza la implementación en el código | B67: 4 | D67: 4
A68: Pregunta 3 (colas y pila): explica la lógica y localiza la implementación en el código | B68: 4 | D68: 2
A69: Pregunta 4 (hilos y sincronización): explica la lógica y localiza la implementación en el código | B69: 4 | D69: 4
A70: Pregunta 5 (libre: persistencia, interfaz o reglas): explica la lógica y localiza la implementación | B70: 4 | D70: 0
A71: 3.2 Modificación de código durante la evaluación | B71: =SUM(B72:B74) -> 30 | D71: =IF(SUM(D72:D74)=0,"",SUM(D72:D74)) -> 12
A72: Ubica en el código la lógica que debe modificar | B72: 8 | D72: 4
A73: Implementa la modificación solicitada | B73: 14 | D73: 5
A74: Compila el proyecto y demuestra el cambio funcionando | B74: 8 | D74: 3
A75: TOTAL OBTENIDO (antes de penalizaciones) | B75: =B15+B29+B64 -> 100 | D75: =IF(N(D15)+N(D29)+N(D64)=0,"",N(D15)+N(D29)+N(D64)) -> 74
A77: REQUISITOS PARA OPTAR A LA CALIFICACIÓN (informativo)
A78: Requisito | B78: Cumple | C78: Observación
A79: Estructuras propias: listas, colas y pila manuales (sin colecciones de java.util)
A80: Tecnologías: Java 17+ y Swing manual; sin JavaFX, bases de datos ni frameworks
A81: Ejecución: el proyecto compila y el archivo .jar funciona correctamente a partir de los entregables
A82: Repositorio: GitHub con historial de commits incrementales, auxiliar como colaborador y entregado en fecha
A83: Documentación: Manual técnico, Manual de usuario e Informe de desarrollo
A84: Originalidad: el código es de autoría propia (copias totales o parciales = 0 pts)
A85: Autoría: el estudiante se presenta a la evaluación, explica y modifica su código
A87: ASPECTOS REQUERIDOS – PENALIZACIONES SOBRE EL TOTAL OBTENIDO
A88: Descripción | B88: Penalización | C88: ¿Aplica? | D88: Descuento
A89: Falta de documentación adecuada (README, manuales, diagrama de clases o informe) | B89: -0.3 | D89: =IF(C89="Sí",$D$75*B89,"")
A90: Mal uso de estructura de código, comentarios o indentación (dificulta entender el código) | B90: -0.2 | D90: =IF(C90="Sí",$D$75*B90,"")
A91: El estudiante realizó commits fuera de la fecha de entrega | B91: -1 | D91: =IF(C91="Sí",$D$75*B91,"")
A92: El estudiante no realizó 2 commits semanales | B92: -0.2 | D92: =IF(C92="Sí",$D$75*B92,"")
A93: La aplicación no está desarrollada en Java | B93: -1 | D93: =IF(C93="Sí",$D$75*B93,"")
A94: Uso de JavaFX, bases de datos, frameworks o librerías externas no permitidas | B94: -0.75 | D94: =IF(C94="Sí",$D$75*B94,"")
A95: Uso de ArrayList, LinkedList, Stack, Queue, Deque u otra colección de java.util | B95: -1 | D95: =IF(C95="Sí",$D$75*B95,"")
A96: La interfaz no está hecha en Swing o se realizó con diseñador drag and drop | B96: -0.5 | D96: =IF(C96="Sí",$D$75*B96,"")
A97: La aplicación no tiene interfaz gráfica (es de consola) | B97: -1 | D97: =IF(C97="Sí",$D$75*B97,"")
A98: Los hilos no son concurrentes o se crean solo para cumplir el requisito (sin función real) | B98: -0.25 | D98: =IF(C98="Sí",$D$75*B98,"")
A99: Toda la solución está desarrollada dentro del método main | B99: -1 | D99: =IF(C99="Sí",$D$75*B99,"")
A100: No se agregó al auxiliar como colaborador del repositorio | B100: -1 | D100: =IF(C100="Sí",$D$75*B100,"")
... A106: 1 solo commit con todo el proyecto | B106: -1 | D106: =IF(C106="Sí",$D$75*B106,"")
A107: TOTAL DE PENALIZACIONES | D107: =IF(SUM(D89:D106)=0,"",SUM(D89:D106))
A109: NOTA FINAL (sobre 100 pts) | D109: =IF(MAX(0,ROUND(N($D$75)+N($D$107),2))=0,"",MAX(0,ROUND(N($D$75)+N($D$107),2))) -> 74
A111: Observaciones generales:
A116: _________________________ | C116: _________________________
...

Sheet 202501625
A1: UNIVERSIDAD DE SAN CARLOS DE GUATEMALA
A2: FACULTAD DE INGENIERÍA
A3: ESCUELA DE CIENCIAS Y SISTEMAS
A4: Introducción a la Programación y Computación 1, Sección E
A5: Ing. William Estuardo Escobar Argueta
A6: Aux. Fernando José Vicente Velásquez
A8: Hoja de Calificación – Proyecto 2: Parque Residencial: Sistema de Gestión de Parqueo
A10: Fecha de calificación:
A11: Nombre del estudiante: | C11: =VLOOKUP(C12, Consolidado!$B$3:$C$26, 2, 0) -> #N/A
A12: Carné: | C12: 202501625
A14: Descripción de Ponderación | B14: Valor | C14: Observación | D14: Punteo
A15: 1. HABILIDADES – CÓMO SE PROGRAMA | B15: =B16+B21+B25 -> 15 | D15: =IF(N(D16)+N(D21)+N(D25)=0,"",N(D16)+N(D21)+N(D25)) -> 15
A16: 1.1 Documentación | B16: =SUM(B17:B20) -> 6 | D16: =IF(SUM(D17:D20)=0,"",SUM(D17:D20)) -> 6
A17: Manual técnico: arquitectura, diagrama de clases, estructuras, hilos y formato de archivos | B17: 2 | D17: 2
A18: Manual de usuario con capturas reales de cada panel (residentes, vehículos, visitantes, simulación, eventos) | B18: 1.5 | D18: 1.5
A19: Informe de desarrollo: plan por etapas, avance, problemas encontrados y soluciones | B19: 1.5 | D19: 1.5
A20: Informe realizado con herramienta https://aicodedetector.org/ | B20: 1 | D20: 1
A21: 1.2 Repositorio GitHub | B21: =SUM(B22:B24) -> 4 | D21: =IF(SUM(D22:D24)=0,"",SUM(D22:D24)) -> 4
A22: Formato de nombre correcto y auxiliar agregado como colaborador | B22: 1 | D22: 1
A23: Commits incrementales y semánticos (feat:, fix:, docs:), no concentrados al final | B23: 2 | D23: 2
A24: Proyecto compilable desde el repo, .jar ejecutable y archivos .txt de ejemplo incluidos | B24: 1 | D24: 1
A25: 1.3 Buenas prácticas de código e interfaz | B25: =SUM(B26:B28) -> 5 | D25: =IF(SUM(D26:D28)=0,"",SUM(D26:D28)) -> 5
A26: Organización en paquetes (estructuras, modelo, hilos, persistencia, vista) con POO y sin sobreingeniería | B26: 2 | D26: 2
A27: Nombres de variables/métodos claros y comentarios útiles | B27: 1 | D27: 1
A28: Swing codificado manualmente y actualización de la UI desde hilos con SwingUtilities.invokeLater | B28: 2 | D28: 2
A29: 2. CONOCIMIENTO – QUÉ SE PROGRAMA | B29: =B30+B34+B37+B42+B45+B48+B53+B56+B59 -> 35 | D29: =IF(N(D30)+N(D34)+N(D37)+N(D42)+N(D45)+N(D48)+N(D53)+N(D56)+N(D59)=0,"",N(D30)+N(D34)+N(D37)+N(D42)+N(D45)+N(D48)+N(D53)+N(D56)+N(D59)) -> 35
A30: 2.1 Lista doblemente enlazada – Residentes | B30: =SUM(B31:B33) -> 5 | D30: =IF(SUM(D31:D33)=0,"",SUM(D31:D33)) -> 5
A31: Nodo propio con anterior/siguiente; insertar y buscar residentes (ID, nombre, casa, socio) | B31: 2 | D31: 2
A32: Eliminar y actualizar residentes manteniendo correctamente las referencias | B32: 2 | D32: 2
A33: Recorrido de la lista en ambos sentidos y visualización de los residentes | B33: 1 | D33: 1
A34: 2.2 Lista simplemente enlazada – Vehículos | B34: =SUM(B35:B36) -> 3 | D34: =IF(SUM(D35:D36)=0,"",SUM(D35:D36)) -> 3
A35: Lista propia por residente: insertar, eliminar y recorrer vehículos (placa, marca, modelo, color, tipo, estado) | B35: 2 | D35: 2
A36: Validación de 0 a 3 vehículos: impide registrar un cuarto vehículo | B36: 1 | D36: 1
A37: 2.3 Lista doble de listas simples – Parqueo | B37: =SUM(B38:B41) -> 7 | D37: =IF(SUM(D38:D41)=0,"",SUM(D38:D41)) -> 7
A38: 150 nodos que representan espacios físicos (ID, estado, vehículo estacionado, tipo socio/general) | B38: 2 | D38: 2
A39: Enlaces arriba/abajo y enlace simple que reflejan la distribución A–C (25) y E–I (15) | B39: 2 | D39: 2
A40: Recorrido para buscar espacio libre por tipo, asignación y liberación correcta del espacio | B40: 2 | D40: 2
A41: Validación del área de socios: ningún vehículo no autorizado ocupa A–C (reglas documentadas) | B41: 1 | D41: 1
A42: 2.4 Colas FIFO – Entrada y salida | B42: =SUM(B43:B44) -> 3 | D42: =IF(SUM(D43:D44)=0,"",SUM(D43:D44)) -> 3
A43: Cola de entrada manual (FIFO) consumida por las 3 garitas de entrada | B43: 1.5 | D43: 1.5
A44: Cola de salida implementada manualmente consumida por las 2 garitas | B44: 1.5 | D44: 1.5
A45: 2.5 Pila LIFO – Historial de eventos | B45: =SUM(B46:B47) -> 2 | D45: =IF(SUM(D46:D47)=0,"",SUM(D46:D47)) -> 2
A46: Pila implementada manualmente que registra ingreso, salida, asignación, rechazo, visitante y liberación | B46: 1 | D46: 1
A47: Consulta de los últimos eventos respetando el orden LIFO | B47: 1 | D47: 1
A48: 2.6 Hilos y sincronización | B48: =SUM(B49:B52) -> 6 | D48: =IF(SUM(D49:D52)=0,"",SUM(D49:D52)) -> 6
A49: 3 garitas de entrada y 2 de salida como hilos concurrentes con función real (Thread/Runnable) | B49: 2 | D49: 2
A50: Uso de synchronized para proteger colas y la lista de listas del parqueo | B50: 1.5 | D50: 1.5
A51: wait() en ciclo while con cola vacía y notify()/notifyAll() al llegar vehículos | B51: 1.5 | D51: 1.5
A52: Sin condiciones de carrera: no se asigna el mismo espacio a dos vehículos ni se pierden vehículos | B52: 1 | D52: 1
A53: 2.7 Gestión de residentes, socios y visitantes | B53: =SUM(B54:B55) -> 2 | D53: =IF(SUM(D54:D55)=0,"",SUM(D54:D55)) -> 2
A54: Registrar, modificar, eliminar y buscar residentes; asociar y mostrar sus vehículos | B54: 1 | D54: 1
A55: Visitantes como información temporal: ingresan, reciben espacio y salen sin guardarse como residentes | B55: 1 | D55: 1
A56: 2.8 Persistencia en archivos de texto | B56: =SUM(B57:B58) -> 2 | D56: =IF(SUM(D57:D58)=0,"",SUM(D57:D58)) -> 2
A57: Guarda residentes y vehículos al cerrar en archivos .txt con el formato definido | B57: 1 | D57: 1
A58: Reconstruye las listas enlazadas al iniciar y no persiste visitantes | B58: 1 | D58: 1
A59: 2.9 Interfaz gráfica y simulación | B59: =SUM(B60:B63) -> 5 | D59: =IF(SUM(D60:D63)=0,"",SUM(D60:D63)) -> 5
A60: Panel de parqueo: 150 espacios, diferencia libres/ocupados e identifica el vehículo | B60: 2 | D60: 2
A61: Paneles de residentes y vehículos funcionales | B61: 1 | D61: 1
A62: Paneles de entrada y salida: colas, garitas y vehículo atendido actualizándose en tiempo real | B62: 1 | D62: 1
A63: Panel de eventos y flujo completo (llegada → cola → garita → espacio → salida → pila) sin errores | B63: 1 | D63: 1
A64: 3. VERIFICACIÓN DE AUTORÍA / DEFENSA | B64: =B65+B71 -> 50 | D64: =IF(N(D65)+N(D71)=0,"",N(D65)+N(D71)) -> 36
A65: 3.1 Preguntas sobre el código | B65: =SUM(B66:B70) -> 20 | D65: =IF(SUM(D66:D70)=0,"",SUM(D66:D70)) -> 18
A66: Pregunta 1 (listas doble/simple): explica la lógica y localiza la implementación en el código | B66: 4 | D66: 4
A67: Pregunta 2 (lista de listas del parqueo): explica la lógica y localiza la implementación en el código | B67: 4 | D67: 4
A68: Pregunta 3 (colas y pila): explica la lógica y localiza la implementación en el código | B68: 4 | D68: 4
A69: Pregunta 4 (hilos y sincronización): explica la lógica y localiza la implementación en el código | B69: 4 | D69: 4
A70: Pregunta 5 (libre: persistencia, interfaz o reglas): explica la lógica y localiza la implementación | B70: 4 | D70: 2
A71: 3.2 Modificación de código durante la evaluación | B71: =SUM(B72:B74) -> 30 | D71: =IF(SUM(D72:D74)=0,"",SUM(D72:D74)) -> 18
A72: Ubica en el código la lógica que debe modificar | B72: 8 | D72: 0
A73: Implementa la modificación solicitada | B73: 14 | D73: 12
A74: Compila el proyecto y demuestra el cambio funcionando | B74: 8 | D74: 6
A75: TOTAL OBTENIDO (antes de penalizaciones) | B75: =B15+B29+B64 -> 100 | D75: =IF(N(D15)+N(D29)+N(D64)=0,"",N(D15)+N(D29)+N(D64)) -> 86
A77: REQUISITOS PARA OPTAR A LA CALIFICACIÓN (informativo)
A78: Requisito | B78: Cumple | C78: Observación
A79: Estructuras propias: listas, colas y pila manuales (sin colecciones de java.util)
A80: Tecnologías: Java 17+ y Swing manual; sin JavaFX, bases de datos ni frameworks
A81: Ejecución: el proyecto compila y el archivo .jar funciona correctamente a partir de los entregables
A82: Repositorio: GitHub con historial de commits incrementales, auxiliar como colaborador y entregado en fecha
A83: Documentación: Manual técnico, Manual de usuario e Informe de desarrollo
A84: Originalidad: el código es de autoría propia (copias totales o parciales = 0 pts)
A85: Autoría: el estudiante se presenta a la evaluación, explica y modifica su código
A87: ASPECTOS REQUERIDOS – PENALIZACIONES SOBRE EL TOTAL OBTENIDO
A88: Descripción | B88: Penalización | C88: ¿Aplica? | D88: Descuento
A89: Falta de documentación adecuada (README, manuales, diagrama de clases o informe) | B89: -0.3 | D89: =IF(C89="Sí",$D$75*B89,"")
A90: Mal uso de estructura de código, comentarios o indentación (dificulta entender el código) | B90: -0.2 | D90: =IF(C90="Sí",$D$75*B90,"")
A91: El estudiante realizó commits fuera de la fecha de entrega | B91: -1 | D91: =IF(C91="Sí",$D$75*B91,"")
A92: El estudiante no realizó 2 commits semanales | B92: -0.2 | D92: =IF(C92="Sí",$D$75*B92,"")
A93: La aplicación no está desarrollada en Java | B93: -1 | D93: =IF(C93="Sí",$D$75*B93,"")
A94: Uso de JavaFX, bases de datos, frameworks o librerías externas no permitidas | B94: -0.75 | D94: =IF(C94="Sí",$D$75*B94,"")
A95: Uso de ArrayList, LinkedList, Stack, Queue, Deque u otra colección de java.util | B95: -1 | D95: =IF(C95="Sí",$D$75*B95,"")
A96: La interfaz no está hecha en Swing o se realizó con diseñador drag and drop | B96: -0.5 | D96: =IF(C96="Sí",$D$75*B96,"")
A97: La aplicación no tiene interfaz gráfica (es de consola) | B97: -1 | D97: =IF(C97="Sí",$D$75*B97,"")
A98: Los hilos no son concurrentes o se crean solo para cumplir el requisito (sin función real) | B98: -0.25 | D98: =IF(C98="Sí",$D$75*B98,"")
A99: Toda la solución está desarrollada dentro del método main | B99: -1 | D99: =IF(C99="Sí",$D$75*B99,"")
A100: No se agregó al auxiliar como colaborador del repositorio | B100: -1 | D100: =IF(C100="Sí",$D$75*B100,"")
... A106: 1 solo commit con todo el proyecto | B106: -1 | D106: =IF(C106="Sí",$D$75*B106,"")
A107: TOTAL DE PENALIZACIONES | D107: =IF(SUM(D89:D106)=0,"",SUM(D89:D106))
A109: NOTA FINAL (sobre 100 pts) | D109: =IF(MAX(0,ROUND(N($D$75)+N($D$107),2))=0,"",MAX(0,ROUND(N($D$75)+N($D$107),2))) -> 86
A111: Observaciones generales:
A116: _________________________ | C116: _________________________
...

Sheet 202505830
A1: UNIVERSIDAD DE SAN CARLOS DE GUATEMALA
A2: FACULTAD DE INGENIERÍA
A3: ESCUELA DE CIENCIAS Y SISTEMAS
A4: Introducción a la Programación y Computación 1, Sección E
A5: Ing. William Estuardo Escobar Argueta
A6: Aux. Fernando José Vicente Velásquez
A8: Hoja de Calificación – Proyecto 2: Parque Residencial: Sistema de Gestión de Parqueo
A10: Fecha de calificación:
A11: Nombre del estudiante: | C11: =VLOOKUP(C12, Consolidado!$B$3:$C$26, 2, 0) -> #N/A
A12: Carné: | C12: 202505830
A14: Descripción de Ponderación | B14: Valor | C14: Observación | D14: Punteo
A15: 1. HABILIDADES – CÓMO SE PROGRAMA | B15: =B16+B21+B25 -> 15 | D15: =IF(N(D16)+N(D21)+N(D25)=0,"",N(D16)+N(D21)+N(D25)) -> 15
A16: 1.1 Documentación | B16: =SUM(B17:B20) -> 6 | D16: =IF(SUM(D17:D20)=0,"",SUM(D17:D20)) -> 6
A17: Manual técnico: arquitectura, diagrama de clases, estructuras, hilos y formato de archivos | B17: 2 | D17: 2
A18: Manual de usuario con capturas reales de cada panel (residentes, vehículos, visitantes, simulación, eventos) | B18: 1.5 | D18: 1.5
A19: Informe de desarrollo: plan por etapas, avance, problemas encontrados y soluciones | B19: 1.5 | D19: 1.5
A20: Informe realizado con herramienta https://aicodedetector.org/ | B20: 1 | D20: 1
A21: 1.2 Repositorio GitHub | B21: =SUM(B22:B24) -> 4 | D21: =IF(SUM(D22:D24)=0,"",SUM(D22:D24)) -> 4
A22: Formato de nombre correcto y auxiliar agregado como colaborador | B22: 1 | D22: 1
A23: Commits incrementales y semánticos (feat:, fix:, docs:), no concentrados al final | B23: 2 | D23: 2
A24: Proyecto compilable desde el repo, .jar ejecutable y archivos .txt de ejemplo incluidos | B24: 1 | D24: 1
A25: 1.3 Buenas prácticas de código e interfaz | B25: =SUM(B26:B28) -> 5 | D25: =IF(SUM(D26:D28)=0,"",SUM(D26:D28)) -> 5
A26: Organización en paquetes (estructuras, modelo, hilos, persistencia, vista) con POO y sin sobreingeniería | B26: 2 | D26: 2
A27: Nombres de variables/métodos claros y comentarios útiles | B27: 1 | D27: 1
A28: Swing codificado manualmente y actualización de la UI desde hilos con SwingUtilities.invokeLater | B28: 2 | D28: 2
A29: 2. CONOCIMIENTO – QUÉ SE PROGRAMA | B29: =B30+B34+B37+B42+B45+B48+B53+B56+B59 -> 35 | D29: =IF(N(D30)+N(D34)+N(D37)+N(D42)+N(D45)+N(D48)+N(D53)+N(D56)+N(D59)=0,"",N(D30)+N(D34)+N(D37)+N(D42)+N(D45)+N(D48)+N(D53)+N(D56)+N(D59)) -> 35
A30: 2.1 Lista doblemente enlazada – Residentes | B30: =SUM(B31:B33) -> 5 | D30: =IF(SUM(D31:D33)=0,"",SUM(D31:D33)) -> 5
A31: Nodo propio con anterior/siguiente; insertar y buscar residentes (ID, nombre, casa, socio) | B31: 2 | D31: 2
A32: Eliminar y actualizar residentes manteniendo correctamente las referencias | B32: 2 | D32: 2
A33: Recorrido de la lista en ambos sentidos y visualización de los residentes | B33: 1 | D33: 1
A34: 2.2 Lista simplemente enlazada – Vehículos | B34: =SUM(B35:B36) -> 3 | D34: =IF(SUM(D35:D36)=0,"",SUM(D35:D36)) -> 3
A35: Lista propia por residente: insertar, eliminar y recorrer vehículos (placa, marca, modelo, color, tipo, estado) | B35: 2 | D35: 2
A36: Validación de 0 a 3 vehículos: impide registrar un cuarto vehículo | B36: 1 | D36: 1
A37: 2.3 Lista doble de listas simples – Parqueo | B37: =SUM(B38:B41) -> 7 | D37: =IF(SUM(D38:D41)=0,"",SUM(D38:D41)) -> 7
A38: 150 nodos que representan espacios físicos (ID, estado, vehículo estacionado, tipo socio/general) | B38: 2 | D38: 2
A39: Enlaces arriba/abajo y enlace simple que reflejan la distribución A–C (25) y E–I (15) | B39: 2 | D39: 2
A40: Recorrido para buscar espacio libre por tipo, asignación y liberación correcta del espacio | B40: 2 | D40: 2
A41: Validación del área de socios: ningún vehículo no autorizado ocupa A–C (reglas documentadas) | B41: 1 | D41: 1
A42: 2.4 Colas FIFO – Entrada y salida | B42: =SUM(B43:B44) -> 3 | D42: =IF(SUM(D43:D44)=0,"",SUM(D43:D44)) -> 3
A43: Cola de entrada manual (FIFO) consumida por las 3 garitas de entrada | B43: 1.5 | D43: 1.5
A44: Cola de salida implementada manualmente consumida por las 2 garitas | B44: 1.5 | D44: 1.5
A45: 2.5 Pila LIFO – Historial de eventos | B45: =SUM(B46:B47) -> 2 | D45: =IF(SUM(D46:D47)=0,"",SUM(D46:D47)) -> 2
A46: Pila implementada manualmente que registra ingreso, salida, asignación, rechazo, visitante y liberación | B46: 1 | D46: 1
A47: Consulta de los últimos eventos respetando el orden LIFO | B47: 1 | D47: 1
A48: 2.6 Hilos y sincronización | B48: =SUM(B49:B52) -> 6 | D48: =IF(SUM(D49:D52)=0,"",SUM(D49:D52)) -> 6
A49: 3 garitas de entrada y 2 de salida como hilos concurrentes con función real (Thread/Runnable) | B49: 2 | D49: 2
A50: Uso de synchronized para proteger colas y la lista de listas del parqueo | B50: 1.5 | D50: 1.5
A51: wait() en ciclo while con cola vacía y notify()/notifyAll() al llegar vehículos | B51: 1.5 | D51: 1.5
A52: Sin condiciones de carrera: no se asigna el mismo espacio a dos vehículos ni se pierden vehículos | B52: 1 | D52: 1
A53: 2.7 Gestión de residentes, socios y visitantes | B53: =SUM(B54:B55) -> 2 | D53: =IF(SUM(D54:D55)=0,"",SUM(D54:D55)) -> 2
A54: Registrar, modificar, eliminar y buscar residentes; asociar y mostrar sus vehículos | B54: 1 | D54: 1
A55: Visitantes como información temporal: ingresan, reciben espacio y salen sin guardarse como residentes | B55: 1 | D55: 1
A56: 2.8 Persistencia en archivos de texto | B56: =SUM(B57:B58) -> 2 | D56: =IF(SUM(D57:D58)=0,"",SUM(D57:D58)) -> 2
A57: Guarda residentes y vehículos al cerrar en archivos .txt con el formato definido | B57: 1 | D57: 1
A58: Reconstruye las listas enlazadas al iniciar y no persiste visitantes | B58: 1 | D58: 1
A59: 2.9 Interfaz gráfica y simulación | B59: =SUM(B60:B63) -> 5 | D59: =IF(SUM(D60:D63)=0,"",SUM(D60:D63)) -> 5
A60: Panel de parqueo: 150 espacios, diferencia libres/ocupados e identifica el vehículo | B60: 2 | D60: 2
A61: Paneles de residentes y vehículos funcionales | B61: 1 | D61: 1
A62: Paneles de entrada y salida: colas, garitas y vehículo atendido actualizándose en tiempo real | B62: 1 | D62: 1
A63: Panel de eventos y flujo completo (llegada → cola → garita → espacio → salida → pila) sin errores | B63: 1 | D63: 1
A64: 3. VERIFICACIÓN DE AUTORÍA / DEFENSA | B64: =B65+B71 -> 50 | D64: =IF(N(D65)+N(D71)=0,"",N(D65)+N(D71)) -> 14
A65: 3.1 Preguntas sobre el código | B65: =SUM(B66:B70) -> 20 | D65: =IF(SUM(D66:D70)=0,"",SUM(D66:D70)) -> 9
A66: Pregunta 1 (listas doble/simple): explica la lógica y localiza la implementación en el código | B66: 4 | D66: 4
A67: Pregunta 2 (lista de listas del parqueo): explica la lógica y localiza la implementación en el código | B67: 4 | D67: 1
A68: Pregunta 3 (colas y pila): explica la lógica y localiza la implementación en el código | B68: 4 | D68: 2
A69: Pregunta 4 (hilos y sincronización): explica la lógica y localiza la implementación en el código | B69: 4 | D69: 1
A70: Pregunta 5 (libre: persistencia, interfaz o reglas): explica la lógica y localiza la implementación | B70: 4 | D70: 1
A71: 3.2 Modificación de código durante la evaluación | B71: =SUM(B72:B74) -> 30 | D71: =IF(SUM(D72:D74)=0,"",SUM(D72:D74)) -> 5
A72: Ubica en el código la lógica que debe modificar | B72: 8 | D72: 0
A73: Implementa la modificación solicitada | B73: 14 | D73: 3
A74: Compila el proyecto y demuestra el cambio funcionando | B74: 8 | D74: 2
A75: TOTAL OBTENIDO (antes de penalizaciones) | B75: =B15+B29+B64 -> 100 | D75: =IF(N(D15)+N(D29)+N(D64)=0,"",N(D15)+N(D29)+N(D64)) -> 64
A77: REQUISITOS PARA OPTAR A LA CALIFICACIÓN (informativo)
A78: Requisito | B78: Cumple | C78: Observación
A79: Estructuras propias: listas, colas y pila manuales (sin colecciones de java.util)
A80: Tecnologías: Java 17+ y Swing manual; sin JavaFX, bases de datos ni frameworks
A81: Ejecución: el proyecto compila y el archivo .jar funciona correctamente a partir de los entregables
A82: Repositorio: GitHub con historial de commits incrementales, auxiliar como colaborador y entregado en fecha
A83: Documentación: Manual técnico, Manual de usuario e Informe de desarrollo
A84: Originalidad: el código es de autoría propia (copias totales o parciales = 0 pts)
A85: Autoría: el estudiante se presenta a la evaluación, explica y modifica su código
A87: ASPECTOS REQUERIDOS – PENALIZACIONES SOBRE EL TOTAL OBTENIDO
A88: Descripción | B88: Penalización | C88: ¿Aplica? | D88: Descuento
A89: Falta de documentación adecuada (README, manuales, diagrama de clases o informe) | B89: -0.3 | D89: =IF(C89="Sí",$D$75*B89,"")
A90: Mal uso de estructura de código, comentarios o indentación (dificulta entender el código) | B90: -0.2 | D90: =IF(C90="Sí",$D$75*B90,"")
A91: El estudiante realizó commits fuera de la fecha de entrega | B91: -1 | D91: =IF(C91="Sí",$D$75*B91,"")
A92: El estudiante no realizó 2 commits semanales | B92: -0.2 | D92: =IF(C92="Sí",$D$75*B92,"")
A93: La aplicación no está desarrollada en Java | B93: -1 | D93: =IF(C93="Sí",$D$75*B93,"")
A94: Uso de JavaFX, bases de datos, frameworks o librerías externas no permitidas | B94: -0.75 | D94: =IF(C94="Sí",$D$75*B94,"")
A95: Uso de ArrayList, LinkedList, Stack, Queue, Deque u otra colección de java.util | B95: -1 | D95: =IF(C95="Sí",$D$75*B95,"")
A96: La interfaz no está hecha en Swing o se realizó con diseñador drag and drop | B96: -0.5 | D96: =IF(C96="Sí",$D$75*B96,"")
A97: La aplicación no tiene interfaz gráfica (es de consola) | B97: -1 | D97: =IF(C97="Sí",$D$75*B97,"")
A98: Los hilos no son concurrentes o se crean solo para cumplir el requisito (sin función real) | B98: -0.25 | D98: =IF(C98="Sí",$D$75*B98,"")
A99: Toda la solución está desarrollada dentro del método main | B99: -1 | D99: =IF(C99="Sí",$D$75*B99,"")
A100: No se agregó al auxiliar como colaborador del repositorio | B100: -1 | D100: =IF(C100="Sí",$D$75*B100,"")
... A106: 1 solo commit con todo el proyecto | B106: -1 | D106: =IF(C106="Sí",$D$75*B106,"")
A107: TOTAL DE PENALIZACIONES | D107: =IF(SUM(D89:D106)=0,"",SUM(D89:D106))
A109: NOTA FINAL (sobre 100 pts) | D109: =IF(MAX(0,ROUND(N($D$75)+N($D$107),2))=0,"",MAX(0,ROUND(N($D$75)+N($D$107),2))) -> 64
A111: Observaciones generales:
A116: _________________________ | C116: _________________________
...

Sheet 202406816
A1: UNIVERSIDAD DE SAN CARLOS DE GUATEMALA
A2: FACULTAD DE INGENIERÍA
A3: ESCUELA DE CIENCIAS Y SISTEMAS
A4: Introducción a la Programación y Computación 1, Sección E
A5: Ing. William Estuardo Escobar Argueta
A6: Aux. Fernando José Vicente Velásquez
A8: Hoja de Calificación – Proyecto 2: Parque Residencial: Sistema de Gestión de Parqueo
A10: Fecha de calificación:
A11: Nombre del estudiante: | C11: =VLOOKUP(C12, Consolidado!$B$3:$C$26, 2, 0) -> #N/A
A12: Carné: | C12: 202406816
A14: Descripción de Ponderación | B14: Valor | C14: Observación | D14: Punteo
A15: 1. HABILIDADES – CÓMO SE PROGRAMA | B15: =B16+B21+B25 -> 15 | D15: =IF(N(D16)+N(D21)+N(D25)=0,"",N(D16)+N(D21)+N(D25)) -> 15
A16: 1.1 Documentación | B16: =SUM(B17:B20) -> 6 | D16: =IF(SUM(D17:D20)=0,"",SUM(D17:D20)) -> 6
A17: Manual técnico: arquitectura, diagrama de clases, estructuras, hilos y formato de archivos | B17: 2 | D17: 2
A18: Manual de usuario con capturas reales de cada panel (residentes, vehículos, visitantes, simulación, eventos) | B18: 1.5 | D18: 1.5
A19: Informe de desarrollo: plan por etapas, avance, problemas encontrados y soluciones | B19: 1.5 | D19: 1.5
A20: Informe realizado con herramienta https://aicodedetector.org/ | B20: 1 | D20: 1
A21: 1.2 Repositorio GitHub | B21: =SUM(B22:B24) -> 4 | D21: =IF(SUM(D22:D24)=0,"",SUM(D22:D24)) -> 4
A22: Formato de nombre correcto y auxiliar agregado como colaborador | B22: 1 | D22: 1
A23: Commits incrementales y semánticos (feat:, fix:, docs:), no concentrados al final | B23: 2 | D23: 2
A24: Proyecto compilable desde el repo, .jar ejecutable y archivos .txt de ejemplo incluidos | B24: 1 | D24: 1
A25: 1.3 Buenas prácticas de código e interfaz | B25: =SUM(B26:B28) -> 5 | D25: =IF(SUM(D26:D28)=0,"",SUM(D26:D28)) -> 5
A26: Organización en paquetes (estructuras, modelo, hilos, persistencia, vista) con POO y sin sobreingeniería | B26: 2 | D26: 2
A27: Nombres de variables/métodos claros y comentarios útiles | B27: 1 | D27: 1
A28: Swing codificado manualmente y actualización de la UI desde hilos con SwingUtilities.invokeLater | B28: 2 | D28: 2
A29: 2. CONOCIMIENTO – QUÉ SE PROGRAMA | B29: =B30+B34+B37+B42+B45+B48+B53+B56+B59 -> 35 | D29: =IF(N(D30)+N(D34)+N(D37)+N(D42)+N(D45)+N(D48)+N(D53)+N(D56)+N(D59)=0,"",N(D30)+N(D34)+N(D37)+N(D42)+N(D45)+N(D48)+N(D53)+N(D56)+N(D59)) -> 35
A30: 2.1 Lista doblemente enlazada – Residentes | B30: =SUM(B31:B33) -> 5 | D30: =IF(SUM(D31:D33)=0,"",SUM(D31:D33)) -> 5
A31: Nodo propio con anterior/siguiente; insertar y buscar residentes (ID, nombre, casa, socio) | B31: 2 | D31: 2
A32: Eliminar y actualizar residentes manteniendo correctamente las referencias | B32: 2 | D32: 2
A33: Recorrido de la lista en ambos sentidos y visualización de los residentes | B33: 1 | D33: 1
A34: 2.2 Lista simplemente enlazada – Vehículos | B34: =SUM(B35:B36) -> 3 | D34: =IF(SUM(D35:D36)=0,"",SUM(D35:D36)) -> 3
A35: Lista propia por residente: insertar, eliminar y recorrer vehículos (placa, marca, modelo, color, tipo, estado) | B35: 2 | D35: 2
A36: Validación de 0 a 3 vehículos: impide registrar un cuarto vehículo | B36: 1 | D36: 1
A37: 2.3 Lista doble de listas simples – Parqueo | B37: =SUM(B38:B41) -> 7 | D37: =IF(SUM(D38:D41)=0,"",SUM(D38:D41)) -> 7
A38: 150 nodos que representan espacios físicos (ID, estado, vehículo estacionado, tipo socio/general) | B38: 2 | D38: 2
A39: Enlaces arriba/abajo y enlace simple que reflejan la distribución A–C (25) y E–I (15) | B39: 2 | D39: 2
A40: Recorrido para buscar espacio libre por tipo, asignación y liberación correcta del espacio | B40: 2 | D40: 2
A41: Validación del área de socios: ningún vehículo no autorizado ocupa A–C (reglas documentadas) | B41: 1 | D41: 1
A42: 2.4 Colas FIFO – Entrada y salida | B42: =SUM(B43:B44) -> 3 | D42: =IF(SUM(D43:D44)=0,"",SUM(D43:D44)) -> 3
A43: Cola de entrada manual (FIFO) consumida por las 3 garitas de entrada | B43: 1.5 | D43: 1.5
A44: Cola de salida implementada manualmente consumida por las 2 garitas | B44: 1.5 | D44: 1.5
A45: 2.5 Pila LIFO – Historial de eventos | B45: =SUM(B46:B47) -> 2 | D45: =IF(SUM(D46:D47)=0,"",SUM(D46:D47)) -> 2
A46: Pila implementada manualmente que registra ingreso, salida, asignación, rechazo, visitante y liberación | B46: 1 | D46: 1
A47: Consulta de los últimos eventos respetando el orden LIFO | B47: 1 | D47: 1
A48: 2.6 Hilos y sincronización | B48: =SUM(B49:B52) -> 6 | D48: =IF(SUM(D49:D52)=0,"",SUM(D49:D52)) -> 6
A49: 3 garitas de entrada y 2 de salida como hilos concurrentes con función real (Thread/Runnable) | B49: 2 | D49: 2
A50: Uso de synchronized para proteger colas y la lista de listas del parqueo | B50: 1.5 | D50: 1.5
A51: wait() en ciclo while con cola vacía y notify()/notifyAll() al llegar vehículos | B51: 1.5 | D51: 1.5
A52: Sin condiciones de carrera: no se asigna el mismo espacio a dos vehículos ni se pierden vehículos | B52: 1 | D52: 1
A53: 2.7 Gestión de residentes, socios y visitantes | B53: =SUM(B54:B55) -> 2 | D53: =IF(SUM(D54:D55)=0,"",SUM(D54:D55)) -> 2
A54: Registrar, modificar, eliminar y buscar residentes; asociar y mostrar sus vehículos | B54: 1 | D54: 1
A55: Visitantes como información temporal: ingresan, reciben espacio y salen sin guardarse como residentes | B55: 1 | D55: 1
A56: 2.8 Persistencia en archivos de texto | B56: =SUM(B57:B58) -> 2 | D56: =IF(SUM(D57:D58)=0,"",SUM(D57:D58)) -> 2
A57: Guarda residentes y vehículos al cerrar en archivos .txt con el formato definido | B57: 1 | D57: 1
A58: Reconstruye las listas enlazadas al iniciar y no persiste visitantes | B58: 1 | D58: 1
A59: 2.9 Interfaz gráfica y simulación | B59: =SUM(B60:B63) -> 5 | D59: =IF(SUM(D60:D63)=0,"",SUM(D60:D63)) -> 5
A60: Panel de parqueo: 150 espacios, diferencia libres/ocupados e identifica el vehículo | B60: 2 | D60: 2
A61: Paneles de residentes y vehículos funcionales | B61: 1 | D61: 1
A62: Paneles de entrada y salida: colas, garitas y vehículo atendido actualizándose en tiempo real | B62: 1 | D62: 1
A63: Panel de eventos y flujo completo (llegada → cola → garita → espacio → salida → pila) sin errores | B63: 1 | D63: 1
A64: 3. VERIFICACIÓN DE AUTORÍA / DEFENSA | B64: =B65+B71 -> 50 | D64: =IF(N(D65)+N(D71)=0,"",N(D65)+N(D71)) -> 19
A65: 3.1 Preguntas sobre el código | B65: =SUM(B66:B70) -> 20 | D65: =IF(SUM(D66:D70)=0,"",SUM(D66:D70)) -> 10
A66: Pregunta 1 (listas doble/simple): explica la lógica y localiza la implementación en el código | B66: 4 | D66: 3
A67: Pregunta 2 (lista de listas del parqueo): explica la lógica y localiza la implementación en el código | B67: 4 | D67: 2
A68: Pregunta 3 (colas y pila): explica la lógica y localiza la implementación en el código | B68: 4 | D68: 4
A69: Pregunta 4 (hilos y sincronización): explica la lógica y localiza la implementación en el código | B69: 4 | D69: 0
A70: Pregunta 5 (libre: persistencia, interfaz o reglas): explica la lógica y localiza la implementación | B70: 4 | D70: 1
A71: 3.2 Modificación de código durante la evaluación | B71: =SUM(B72:B74) -> 30 | D71: =IF(SUM(D72:D74)=0,"",SUM(D72:D74)) -> 9
A72: Ubica en el código la lógica que debe modificar | B72: 8 | D72: 3
A73: Implementa la modificación solicitada | B73: 14 | D73: 2
A74: Compila el proyecto y demuestra el cambio funcionando | B74: 8 | D74: 4
A75: TOTAL OBTENIDO (antes de penalizaciones) | B75: =B15+B29+B64 -> 100 | D75: =IF(N(D15)+N(D29)+N(D64)=0,"",N(D15)+N(D29)+N(D64)) -> 69
A77: REQUISITOS PARA OPTAR A LA CALIFICACIÓN (informativo)
A78: Requisito | B78: Cumple | C78: Observación
A79: Estructuras propias: listas, colas y pila manuales (sin colecciones de java.util)
A80: Tecnologías: Java 17+ y Swing manual; sin JavaFX, bases de datos ni frameworks
A81: Ejecución: el proyecto compila y el archivo .jar funciona correctamente a partir de los entregables
A82: Repositorio: GitHub con historial de commits incrementales, auxiliar como colaborador y entregado en fecha
A83: Documentación: Manual técnico, Manual de usuario e Informe de desarrollo
A84: Originalidad: el código es de autoría propia (copias totales o parciales = 0 pts)
A85: Autoría: el estudiante se presenta a la evaluación, explica y modifica su código
A87: ASPECTOS REQUERIDOS – PENALIZACIONES SOBRE EL TOTAL OBTENIDO
A88: Descripción | B88: Penalización | C88: ¿Aplica? | D88: Descuento
A89: Falta de documentación adecuada (README, manuales, diagrama de clases o informe) | B89: -0.3 | D89: =IF(C89="Sí",$D$75*B89,"")
A90: Mal uso de estructura de código, comentarios o indentación (dificulta entender el código) | B90: -0.2 | D90: =IF(C90="Sí",$D$75*B90,"")
A91: El estudiante realizó commits fuera de la fecha de entrega | B91: -1 | D91: =IF(C91="Sí",$D$75*B91,"")
A92: El estudiante no realizó 2 commits semanales | B92: -0.2 | D92: =IF(C92="Sí",$D$75*B92,"")
A93: La aplicación no está desarrollada en Java | B93: -1 | D93: =IF(C93="Sí",$D$75*B93,"")
A94: Uso de JavaFX, bases de datos, frameworks o librerías externas no permitidas | B94: -0.75 | D94: =IF(C94="Sí",$D$75*B94,"")
A95: Uso de ArrayList, LinkedList, Stack, Queue, Deque u otra colección de java.util | B95: -1 | D95: =IF(C95="Sí",$D$75*B95,"")
A96: La interfaz no está hecha en Swing o se realizó con diseñador drag and drop | B96: -0.5 | D96: =IF(C96="Sí",$D$75*B96,"")
A97: La aplicación no tiene interfaz gráfica (es de consola) | B97: -1 | D97: =IF(C97="Sí",$D$75*B97,"")
A98: Los hilos no son concurrentes o se crean solo para cumplir el requisito (sin función real) | B98: -0.25 | D98: =IF(C98="Sí",$D$75*B98,"")
A99: Toda la solución está desarrollada dentro del método main | B99: -1 | D99: =IF(C99="Sí",$D$75*B99,"")
A100: No se agregó al auxiliar como colaborador del repositorio | B100: -1 | D100: =IF(C100="Sí",$D$75*B100,"")
... A106: 1 solo commit con todo el proyecto | B106: -1 | D106: =IF(C106="Sí",$D$75*B106,"")
A107: TOTAL DE PENALIZACIONES | D107: =IF(SUM(D89:D106)=0,"",SUM(D89:D106))
A109: NOTA FINAL (sobre 100 pts) | D109: =IF(MAX(0,ROUND(N($D$75)+N($D$107),2))=0,"",MAX(0,ROUND(N($D$75)+N($D$107),2))) -> 69
A111: Observaciones generales:
A116: _________________________ | C116: _________________________
...

Sheet 202501349
A1: UNIVERSIDAD DE SAN CARLOS DE GUATEMALA
A2: FACULTAD DE INGENIERÍA
A3: ESCUELA DE CIENCIAS Y SISTEMAS
A4: Introducción a la Programación y Computación 1, Sección E
A5: Ing. William Estuardo Escobar Argueta
A6: Aux. Fernando José Vicente Velásquez
A8: Hoja de Calificación – Proyecto 2: Parque Residencial: Sistema de Gestión de Parqueo
A10: Fecha de calificación:
A11: Nombre del estudiante: | C11: =VLOOKUP(C12, Consolidado!$B$3:$C$26, 2, 0) -> #N/A
A12: Carné: | C12: 202501349
A14: Descripción de Ponderación | B14: Valor | C14: Observación | D14: Punteo
A15: 1. HABILIDADES – CÓMO SE PROGRAMA | B15: =B16+B21+B25 -> 15 | D15: =IF(N(D16)+N(D21)+N(D25)=0,"",N(D16)+N(D21)+N(D25)) -> 15
A16: 1.1 Documentación | B16: =SUM(B17:B20) -> 6 | D16: =IF(SUM(D17:D20)=0,"",SUM(D17:D20)) -> 6
A17: Manual técnico: arquitectura, diagrama de clases, estructuras, hilos y formato de archivos | B17: 2 | D17: 2
A18: Manual de usuario con capturas reales de cada panel (residentes, vehículos, visitantes, simulación, eventos) | B18: 1.5 | D18: 1.5
A19: Informe de desarrollo: plan por etapas, avance, problemas encontrados y soluciones | B19: 1.5 | D19: 1.5
A20: Informe realizado con herramienta https://aicodedetector.org/ | B20: 1 | D20: 1
A21: 1.2 Repositorio GitHub | B21: =SUM(B22:B24) -> 4 | D21: =IF(SUM(D22:D24)=0,"",SUM(D22:D24)) -> 4
A22: Formato de nombre correcto y auxiliar agregado como colaborador | B22: 1 | D22: 1
A23: Commits incrementales y semánticos (feat:, fix:, docs:), no concentrados al final | B23: 2 | D23: 2
A24: Proyecto compilable desde el repo, .jar ejecutable y archivos .txt de ejemplo incluidos | B24: 1 | D24: 1
A25: 1.3 Buenas prácticas de código e interfaz | B25: =SUM(B26:B28) -> 5 | D25: =IF(SUM(D26:D28)=0,"",SUM(D26:D28)) -> 5
A26: Organización en paquetes (estructuras, modelo, hilos, persistencia, vista) con POO y sin sobreingeniería | B26: 2 | D26: 2
A27: Nombres de variables/métodos claros y comentarios útiles | B27: 1 | D27: 1
A28: Swing codificado manualmente y actualización de la UI desde hilos con SwingUtilities.invokeLater | B28: 2 | D28: 2
A29: 2. CONOCIMIENTO – QUÉ SE PROGRAMA | B29: =B30+B34+B37+B42+B45+B48+B53+B56+B59 -> 35 | D29: =IF(N(D30)+N(D34)+N(D37)+N(D42)+N(D45)+N(D48)+N(D53)+N(D56)+N(D59)=0,"",N(D30)+N(D34)+N(D37)+N(D42)+N(D45)+N(D48)+N(D53)+N(D56)+N(D59)) -> 35
A30: 2.1 Lista doblemente enlazada – Residentes | B30: =SUM(B31:B33) -> 5 | D30: =IF(SUM(D31:D33)=0,"",SUM(D31:D33)) -> 5
A31: Nodo propio con anterior/siguiente; insertar y buscar residentes (ID, nombre, casa, socio) | B31: 2 | D31: 2
A32: Eliminar y actualizar residentes manteniendo correctamente las referencias | B32: 2 | D32: 2
A33: Recorrido de la lista en ambos sentidos y visualización de los residentes | B33: 1 | D33: 1
A34: 2.2 Lista simplemente enlazada – Vehículos | B34: =SUM(B35:B36) -> 3 | D34: =IF(SUM(D35:D36)=0,"",SUM(D35:D36)) -> 3
A35: Lista propia por residente: insertar, eliminar y recorrer vehículos (placa, marca, modelo, color, tipo, estado) | B35: 2 | D35: 2
A36: Validación de 0 a 3 vehículos: impide registrar un cuarto vehículo | B36: 1 | D36: 1
A37: 2.3 Lista doble de listas simples – Parqueo | B37: =SUM(B38:B41) -> 7 | D37: =IF(SUM(D38:D41)=0,"",SUM(D38:D41)) -> 7
A38: 150 nodos que representan espacios físicos (ID, estado, vehículo estacionado, tipo socio/general) | B38: 2 | D38: 2
A39: Enlaces arriba/abajo y enlace simple que reflejan la distribución A–C (25) y E–I (15) | B39: 2 | D39: 2
A40: Recorrido para buscar espacio libre por tipo, asignación y liberación correcta del espacio | B40: 2 | D40: 2
A41: Validación del área de socios: ningún vehículo no autorizado ocupa A–C (reglas documentadas) | B41: 1 | D41: 1
A42: 2.4 Colas FIFO – Entrada y salida | B42: =SUM(B43:B44) -> 3 | D42: =IF(SUM(D43:D44)=0,"",SUM(D43:D44)) -> 3
A43: Cola de entrada manual (FIFO) consumida por las 3 garitas de entrada | B43: 1.5 | D43: 1.5
A44: Cola de salida implementada manualmente consumida por las 2 garitas | B44: 1.5 | D44: 1.5
A45: 2.5 Pila LIFO – Historial de eventos | B45: =SUM(B46:B47) -> 2 | D45: =IF(SUM(D46:D47)=0,"",SUM(D46:D47)) -> 2
A46: Pila implementada manualmente que registra ingreso, salida, asignación, rechazo, visitante y liberación | B46: 1 | D46: 1
A47: Consulta de los últimos eventos respetando el orden LIFO | B47: 1 | D47: 1
A48: 2.6 Hilos y sincronización | B48: =SUM(B49:B52) -> 6 | D48: =IF(SUM(D49:D52)=0,"",SUM(D49:D52)) -> 6
A49: 3 garitas de entrada y 2 de salida como hilos concurrentes con función real (Thread/Runnable) | B49: 2 | D49: 2
A50: Uso de synchronized para proteger colas y la lista de listas del parqueo | B50: 1.5 | D50: 1.5
A51: wait() en ciclo while con cola vacía y notify()/notifyAll() al llegar vehículos | B51: 1.5 | D51: 1.5
A52: Sin condiciones de carrera: no se asigna el mismo espacio a dos vehículos ni se pierden vehículos | B52: 1 | D52: 1
A53: 2.7 Gestión de residentes, socios y visitantes | B53: =SUM(B54:B55) -> 2 | D53: =IF(SUM(D54:D55)=0,"",SUM(D54:D55)) -> 2
A54: Registrar, modificar, eliminar y buscar residentes; asociar y mostrar sus vehículos | B54: 1 | D54: 1
A55: Visitantes como información temporal: ingresan, reciben espacio y salen sin guardarse como residentes | B55: 1 | D55: 1
A56: 2.8 Persistencia en archivos de texto | B56: =SUM(B57:B58) -> 2 | D56: =IF(SUM(D57:D58)=0,"",SUM(D57:D58)) -> 2
A57: Guarda residentes y vehículos al cerrar en archivos .txt con el formato definido | B57: 1 | D57: 1
A58: Reconstruye las listas enlazadas al iniciar y no persiste visitantes | B58: 1 | D58: 1
A59: 2.9 Interfaz gráfica y simulación | B59: =SUM(B60:B63) -> 5 | D59: =IF(SUM(D60:D63)=0,"",SUM(D60:D63)) -> 5
A60: Panel de parqueo: 150 espacios, diferencia libres/ocupados e identifica el vehículo | B60: 2 | D60: 2
A61: Paneles de residentes y vehículos funcionales | B61: 1 | D61: 1
A62: Paneles de entrada y salida: colas, garitas y vehículo atendido actualizándose en tiempo real | B62: 1 | D62: 1
A63: Panel de eventos y flujo completo (llegada → cola → garita → espacio → salida → pila) sin errores | B63: 1 | D63: 1
A64: 3. VERIFICACIÓN DE AUTORÍA / DEFENSA | B64: =B65+B71 -> 50 | D64: =IF(N(D65)+N(D71)=0,"",N(D65)+N(D71)) -> 50
A65: 3.1 Preguntas sobre el código | B65: =SUM(B66:B70) -> 20 | D65: =IF(SUM(D66:D70)=0,"",SUM(D66:D70)) -> 20
A66: Pregunta 1 (listas doble/simple): explica la lógica y localiza la implementación en el código | B66: 4 | D66: 4
A67: Pregunta 2 (lista de listas del parqueo): explica la lógica y localiza la implementación en el código | B67: 4 | D67: 4
A68: Pregunta 3 (colas y pila): explica la lógica y localiza la implementación en el código | B68: 4 | D68: 4
A69: Pregunta 4 (hilos y sincronización): explica la lógica y localiza la implementación en el código | B69: 4 | D69: 4
A70: Pregunta 5 (libre: persistencia, interfaz o reglas): explica la lógica y localiza la implementación | B70: 4 | D70: 4
A71: 3.2 Modificación de código durante la evaluación | B71: =SUM(B72:B74) -> 30 | D71: =IF(SUM(D72:D74)=0,"",SUM(D72:D74)) -> 30
A72: Ubica en el código la lógica que debe modificar | B72: 8 | D72: 8
A73: Implementa la modificación solicitada | B73: 14 | D73: 14
A74: Compila el proyecto y demuestra el cambio funcionando | B74: 8 | D74: 8
A75: TOTAL OBTENIDO (antes de penalizaciones) | B75: =B15+B29+B64 -> 100 | D75: =IF(N(D15)+N(D29)+N(D64)=0,"",N(D15)+N(D29)+N(D64)) -> 100
A77: REQUISITOS PARA OPTAR A LA CALIFICACIÓN (informativo)
A78: Requisito | B78: Cumple | C78: Observación
A79: Estructuras propias: listas, colas y pila manuales (sin colecciones de java.util)
A80: Tecnologías: Java 17+ y Swing manual; sin JavaFX, bases de datos ni frameworks
A81: Ejecución: el proyecto compila y el archivo .jar funciona correctamente a partir de los entregables
A82: Repositorio: GitHub con historial de commits incrementales, auxiliar como colaborador y entregado en fecha
A83: Documentación: Manual técnico, Manual de usuario e Informe de desarrollo
A84: Originalidad: el código es de autoría propia (copias totales o parciales = 0 pts)
A85: Autoría: el estudiante se presenta a la evaluación, explica y modifica su código
A87: ASPECTOS REQUERIDOS – PENALIZACIONES SOBRE EL TOTAL OBTENIDO
A88: Descripción | B88: Penalización | C88: ¿Aplica? | D88: Descuento
A89: Falta de documentación adecuada (README, manuales, diagrama de clases o informe) | B89: -0.3 | D89: =IF(C89="Sí",$D$75*B89,"")
A90: Mal uso de estructura de código, comentarios o indentación (dificulta entender el código) | B90: -0.2 | D90: =IF(C90="Sí",$D$75*B90,"")
A91: El estudiante realizó commits fuera de la fecha de entrega | B91: -1 | D91: =IF(C91="Sí",$D$75*B91,"")
A92: El estudiante no realizó 2 commits semanales | B92: -0.2 | D92: =IF(C92="Sí",$D$75*B92,"")
A93: La aplicación no está desarrollada en Java | B93: -1 | D93: =IF(C93="Sí",$D$75*B93,"")
A94: Uso de JavaFX, bases de datos, frameworks o librerías externas no permitidas | B94: -0.75 | D94: =IF(C94="Sí",$D$75*B94,"")
A95: Uso de ArrayList, LinkedList, Stack, Queue, Deque u otra colección de java.util | B95: -1 | D95: =IF(C95="Sí",$D$75*B95,"")
A96: La interfaz no está hecha en Swing o se realizó con diseñador drag and drop | B96: -0.5 | D96: =IF(C96="Sí",$D$75*B96,"")
A97: La aplicación no tiene interfaz gráfica (es de consola) | B97: -1 | D97: =IF(C97="Sí",$D$75*B97,"")
A98: Los hilos no son concurrentes o se crean solo para cumplir el requisito (sin función real) | B98: -0.25 | D98: =IF(C98="Sí",$D$75*B98,"")
A99: Toda la solución está desarrollada dentro del método main | B99: -1 | D99: =IF(C99="Sí",$D$75*B99,"")
A100: No se agregó al auxiliar como colaborador del repositorio | B100: -1 | D100: =IF(C100="Sí",$D$75*B100,"")
... A106: 1 solo commit con todo el proyecto | B106: -1 | D106: =IF(C106="Sí",$D$75*B106,"")
A107: TOTAL DE PENALIZACIONES | D107: =IF(SUM(D89:D106)=0,"",SUM(D89:D106))
A109: NOTA FINAL (sobre 100 pts) | D109: =IF(MAX(0,ROUND(N($D$75)+N($D$107),2))=0,"",MAX(0,ROUND(N($D$75)+N($D$107),2))) -> 100
A111: Observaciones generales:
A116: _________________________ | C116: _________________________
...

Sheet Consolidado
A1: Consolidado de calificaciones – Proyecto 2: Parque Residencial: Sistema de Gestión de Parqueo
A2: No. | B2: Carné | C2: Nombre del estudiante | D2: Habilidades (15) | E2: Conocimiento (35) | F2: Autoría (50) | G2: Subtotal | H2: Penalización | I2: Nota final | J2: Plagio | K2: Uso de IA | L2: Modificacion | M2: Repositorio
A3: 1 | B3: 201503481 | C3: MARTA GABRIELA GÓMEZ DIMAYUGA | D3: =IF($B3="","",N(IFERROR(INDIRECT("'"&$B3&"'!D15"),0))) -> 0 | E3: =IF($B3="","",N(IFERROR(INDIRECT("'"&$B3&"'!D29"),0))) -> 0 | F3: =IF($B3="","",N(IFERROR(INDIRECT("'"&$B3&"'!D64"),0))) -> 0 | G3: =IF(C3="","",SUM(D3:F3)) -> 0 | H3: =IF($B3="",0,MAX(-1,IFERROR(SUMIF(INDIRECT("'"&$B3&"'!C89:C106"),"S*",INDIRECT("'"&$B3&"'!B89:B106")),0))) -> 0 | I3: =IF(C3="","",MAX(0,ROUND(G3*(1+H3),2))) -> 0
A4: 2 | B4: 201503481 | C4: DIEGO ALFONSO CANEL FUENTES | D4: =IF($B4="","",N(IFERROR(INDIRECT("'"&$B4&"'!D15"),0))) -> 0 | E4: =IF($B4="","",N(IFERROR(INDIRECT("'"&$B4&"'!D29"),0))) -> 0 | F4: =IF($B4="","",N(IFERROR(INDIRECT("'"&$B4&"'!D64"),0))) -> 0 | G4: =IF(C4="","",SUM(D4:F4)) -> 0 | H4: =IF($B4="",0,MAX(-1,IFERROR(SUMIF(INDIRECT("'"&$B4&"'!C89:C106"),"S*",INDIRECT("'"&$B4&"'!B89:B106")),0))) -> 0 | I4: =IF(C4="","",MAX(0,ROUND(G4*(1+H4),2))) -> 0
A5: 3 | B5: 202004723 | C5: ERMI RONALDO SOTO MEJÍA | D5: =IF($B5="","",N(IFERROR(INDIRECT("'"&$B5&"'!D15"),0))) -> 0 | E5: =IF($B5="","",N(IFERROR(INDIRECT("'"&$B5&"'!D29"),0))) -> 0 | F5: =IF($B5="","",N(IFERROR(INDIRECT("'"&$B5&"'!D64"),0))) -> 0 | G5: =IF(C5="","",SUM(D5:F5)) -> 0 | H5: =IF($B5="",0,MAX(-1,IFERROR(SUMIF(INDIRECT("'"&$B5&"'!C89:C106"),"S*",INDIRECT("'"&$B5&"'!B89:B106")),0))) -> 0 | I5: =IF(C5="","",MAX(0,ROUND(G5*(1+H5),2))) -> 0
A6: 4 | B6: 202201204 | C6: BRYAN ALEXANDER MARTÍNEZ FLORES | D6: =IF($B6="","",N(IFERROR(INDIRECT("'"&$B6&"'!D15"),0))) -> 0 | E6: =IF($B6="","",N(IFERROR(INDIRECT("'"&$B6&"'!D29"),0))) -> 0 | F6: =IF($B6="","",N(IFERROR(INDIRECT("'"&$B6&"'!D64"),0))) -> 0 | G6: =IF(C6="","",SUM(D6:F6)) -> 0 | H6: =IF($B6="",0,MAX(-1,IFERROR(SUMIF(INDIRECT("'"&$B6&"'!C89:C106"),"S*",INDIRECT("'"&$B6&"'!B89:B106")),0))) -> 0 | I6: =IF(C6="","",MAX(0,ROUND(G6*(1+H6),2))) -> 0
A7: 5 | B7: 202300365 | C7: BRAYAN HOMERO SOSA GONZALEZ | D7: =IF($B7="","",N(IFERROR(INDIRECT("'"&$B7&"'!D15"),0))) -> 0 | E7: =IF($B7="","",N(IFERROR(INDIRECT("'"&$B7&"'!D29"),0))) -> 0 | F7: =IF($B7="","",N(IFERROR(INDIRECT("'"&$B7&"'!D64"),0))) -> 0 | G7: =IF(C7="","",SUM(D7:F7)) -> 0 | H7: =IF($B7="",0,MAX(-1,IFERROR(SUMIF(INDIRECT("'"&$B7&"'!C89:C106"),"S*",INDIRECT("'"&$B7&"'!B89:B106")),0))) -> 0 | I7: =IF(C7="","",MAX(0,ROUND(G7*(1+H7),2))) -> 0
A8: 6 | B8: 202303797 | C8: ROLANDO AARÓN BARRIOS BOROR | D8: =IF($B8="","",N(IFERROR(INDIRECT("'"&$B8&"'!D15"),0))) -> 0 | E8: =IF($B8="","",N(IFERROR(INDIRECT("'"&$B8&"'!D29"),0))) -> 0 | F8: =IF($B8="","",N(IFERROR(INDIRECT("'"&$B8&"'!D64"),0))) -> 0 | G8: =IF(C8="","",SUM(D8:F8)) -> 0 | H8: =IF($B8="",0,MAX(-1,IFERROR(SUMIF(INDIRECT("'"&$B8&"'!C89:C106"),"S*",INDIRECT("'"&$B8&"'!B89:B106")),0))) -> 0 | I8: =IF(C8="","",MAX(0,ROUND(G8*(1+H8),2))) -> 0
A9: 7 | B9: 202306260 | C9: WILLIAM SAMUEL CABRERA GÓMEZ | D9: =IF($B9="","",N(IFERROR(INDIRECT("'"&$B9&"'!D15"),0))) -> 0 | E9: =IF($B9="","",N(IFERROR(INDIRECT("'"&$B9&"'!D29"),0))) -> 0 | F9: =IF($B9="","",N(IFERROR(INDIRECT("'"&$B9&"'!D64"),0))) -> 0 | G9: =IF(C9="","",SUM(D9:F9)) -> 0 | H9: =IF($B9="",0,MAX(-1,IFERROR(SUMIF(INDIRECT("'"&$B9&"'!C89:C106"),"S*",INDIRECT("'"&$B9&"'!B89:B106")),0))) -> 0 | I9: =IF(C9="","",MAX(0,ROUND(G9*(1+H9),2))) -> 0
A10: 8 | B10: 202308203 | C10: HANS CRISTIAN MEYER DIAZ | D10: =IF($B10="","",N(IFERROR(INDIRECT("'"&$B10&"'!D15"),0))) -> 0 | E10: =IF($B10="","",N(IFERROR(INDIRECT("'"&$B10&"'!D29"),0))) -> 0 | F10: =IF($B10="","",N(IFERROR(INDIRECT("'"&$B10&"'!D64"),0))) -> 0 | G10: =IF(C10="","",SUM(D10:F10)) -> 0 | H10: =IF($B10="",0,MAX(-1,IFERROR(SUMIF(INDIRECT("'"&$B10&"'!C89:C106"),"S*",INDIRECT("'"&$B10&"'!B89:B106")),0))) -> 0 | I10: =IF(C10="","",MAX(0,ROUND(G10*(1+H10),2))) -> 0
A11: 9 | B11: 202308528 | C11: ASTRID MARIA SUSETH MORALES RODAS | D11: =IF($B11="","",N(IFERROR(INDIRECT("'"&$B11&"'!D15"),0))) -> 0 | E11: =IF($B11="","",N(IFERROR(INDIRECT("'"&$B11&"'!D29"),0))) -> 0 | F11: =IF($B11="","",N(IFERROR(INDIRECT("'"&$B11&"'!D64"),0))) -> 0 | G11: =IF(C11="","",SUM(D11:F11)) -> 0 | H11: =IF($B11="",0,MAX(-1,IFERROR(SUMIF(INDIRECT("'"&$B11&"'!C89:C106"),"S*",INDIRECT("'"&$B11&"'!B89:B106")),0))) -> 0 | I11: =IF(C11="","",MAX(0,ROUND(G11*(1+H11),2))) -> 0
A12: 10 | B12: 202400066 | C12: DIEGO SEBASTIAN ALVARADO MORATAYA | D12: =IF($B12="","",N(IFERROR(INDIRECT("'"&$B12&"'!D15"),0))) -> 7.5 | E12: =IF($B12="","",N(IFERROR(INDIRECT("'"&$B12&"'!D29"),0))) -> 35 | F12: =IF($B12="","",N(IFERROR(INDIRECT("'"&$B12&"'!D64"),0))) -> 11 | G12: =IF(C12="","",SUM(D12:F12)) -> 53.5 | H12: =IF($B12="",0,MAX(-1,IFERROR(SUMIF(INDIRECT("'"&$B12&"'!C89:C106"),"S*",INDIRECT("'"&$B12&"'!B89:B106")),0))) -> 0 | I12: =IF(C12="","",MAX(0,ROUND(G12*(1+H12),2))) -> 53.5
A13: 11 | B13: 202400155 | C13: ESVIN FERNANDO ORTEGA GONZÁLEZ | D13: =IF($B13="","",N(IFERROR(INDIRECT("'"&$B13&"'!D15"),0))) -> 15 | E13: =IF($B13="","",N(IFERROR(INDIRECT("'"&$B13&"'!D29"),0))) -> 35 | F13: =IF($B13="","",N(IFERROR(INDIRECT("'"&$B13&"'!D64"),0))) -> 0 | G13: =IF(C13="","",SUM(D13:F13)) -> 50 | H13: =IF($B13="",0,MAX(-1,IFERROR(SUMIF(INDIRECT("'"&$B13&"'!C89:C106"),"S*",INDIRECT("'"&$B13&"'!B89:B106")),0))) -> 0 | I13: =IF(C13="","",MAX(0,ROUND(G13*(1+H13),2))) -> 50
A14: 12 | B14: 202400482 | C14: ADRIAN EDUARDO ALVAREZ ZAMBRANO | D14: =IF($B14="","",N(IFERROR(INDIRECT("'"&$B14&"'!D15"),0))) -> 0 | E14: =IF($B14="","",N(IFERROR(INDIRECT("'"&$B14&"'!D29"),0))) -> 0 | F14: =IF($B14="","",N(IFERROR(INDIRECT("'"&$B14&"'!D64"),0))) -> 0 | G14: =IF(C14="","",SUM(D14:F14)) -> 0 | H14: =IF($B14="",0,MAX(-1,IFERROR(SUMIF(INDIRECT("'"&$B14&"'!C89:C106"),"S*",INDIRECT("'"&$B14&"'!B89:B106")),0))) -> 0 | I14: =IF(C14="","",MAX(0,ROUND(G14*(1+H14),2))) -> 0
A15: 13 | B15: 202403338 | C15: ANDY RAÍ TELÓN GABRIEL | D15: =IF($B15="","",N(IFERROR(INDIRECT("'"&$B15&"'!D15"),0))) -> 15 | E15: =IF($B15="","",N(IFERROR(INDIRECT("'"&$B15&"'!D29"),0))) -> 35 | F15: =IF($B15="","",N(IFERROR(INDIRECT("'"&$B15&"'!D64"),0))) -> 7 | G15: =IF(C15="","",SUM(D15:F15)) -> 57 | H15: =IF($B15="",0,MAX(-1,IFERROR(SUMIF(INDIRECT("'"&$B15&"'!C89:C106"),"S*",INDIRECT("'"&$B15&"'!B89:B106")),0))) -> 0 | I15: =IF(C15="","",MAX(0,ROUND(G15*(1+H15),2))) -> 57
... A26: 24 | B26: 202507586 | C26: KEVYN JOSUÉ APÉN OTZOY | D26: =IF($B26="","",N(IFERROR(INDIRECT("'"&$B26&"'!D15"),0))) -> 15 | E26: =IF($B26="","",N(IFERROR(INDIRECT("'"&$B26&"'!D29"),0))) -> 33 | F26: =IF($B26="","",N(IFERROR(INDIRECT("'"&$B26&"'!D64"),0))) -> 26 | G26: =IF(C26="","",SUM(D26:F26)) -> 74 | H26: =IF($B26="",0,MAX(-1,IFERROR(SUMIF(INDIRECT("'"&$B26&"'!C89:C106"),"S*",INDIRECT("'"&$B26&"'!B89:B106")),0))) -> 0 | I26: =IF(C26="","",MAX(0,ROUND(G26*(1+H26),2))) -> 74
C28: Estudiantes calificados | D28: =COUNT(I3:I26) -> 24
C29: Nota promedio | D29: =IFERROR(AVERAGE(I3:I26),0) -> 28.541667
C30: Nota más alta | D30: =IFERROR(MAX(I3:I26),0) -> 100
C31: Nota más baja | D31: =IFERROR(MIN(I3:I26),0) -> 0
C32: Aprobados (61 pts o más) | D32: =COUNTIF(I3:I26,">=61") -> 7
C33: Reprobados (menos de 61 pts) | D33: =COUNT(I3:I26)-COUNTIF(I3:I26,">=61") -> 17
